Player;GM;KI;MK;HB;DI;GL;BH;HO;TK;RB;IF;CL;CG;FF;FA;BR;CP;UP;CM;MI;1%;BO;GA
Bartlett, Kevin;403;8293;1086;858;9151;778;777;27; ; ; ; ; ;931;856;160; ; ; ; ; ; ; 
Bourke, Francis;300;4163;1054;1288;5451;71;57;34; ; ; ; ; ;715;696;139; ; ; ; ; ; ; 
Campbell, Wayne;297;4274;1243;2652;6926;172;118;74;595;351;638;713;252;370;299;70;1120;1910;66;71;224;111;27
Richardson, Matthew;282;3082;2270;879;3961;800;551;89;134;51;641;35;550;309;397;140;1309;1445;506;703;248;33;86
Knights, Matthew;279;3356;824;2582;5938;141;111;8;613;153;346;326;165;414;361;114;693;969;22;34;78;54; 
Weightman, Dale;274;2956;600;2736;5692;344;266;5;156; ; ; ; ;693;498;52; ; ; ; ; ; ; 
Newman, Chris;268;2863;1206;1409;4272;56;54;2;667;778;514;231;379;177;121;17;1280;2800;97;40;735;242;75
Bowden, Joel;265;3665;1546;2176;5841;174;124;70;560;1006;751;447;613;210;220;41;1580;3494;132;124;638;526;49
Sheedy, Kevin;251;3343;857;1171;4514;91;87;20; ; ; ; ; ;756;438;62; ; ; ; ; ; ; 
Gale, Brendon;244;1975;1383;1215;3190;209;147;1832;231;101;124;251;86;302;311;35;396;343;88;32;92; ; 
Deledio, Brett;241;2949;1291;2558;5507;182;140;80;680;548;977;566;495;192;126;75;1876;3520;134;154;416;525;118
Keane, Merv;238;2590;640;1129;3719;36;53;9; ; ; ; ; ;507;334;4; ; ; ; ; ; ; 
Lee, Mark;233;1639;896;1517;3156;94;58;4304;60; ; ; ; ;491;721;58; ; ; ; ; ; ; 
Jess, Jim;223;1953;972;868;2821;175;128;194;7; ; ; ; ;278;321;40; ; ; ; ; ; ; 
Cloke, David;219;2041;1238;1084;3125;272;211;895;26; ; ; ; ;342;526;54; ; ; ; ; ; ; 
Clay, Dick;213;2951;891;247;3198;80;122;9; ; ; ; ; ;375;369;41; ; ; ; ; ; ; 
Wood, Bryan;209;2405;781;1092;3497;85;81;9; ; ; ; ; ;386;431;55; ; ; ; ; ; ; 
Gaspar, Darren;207;1323;679;1073;2396;22;9;44;264;403;127;76;199;206;137;33;682;881;102;18;343;34;4
Roach, Michael;200;1819;1046;476;2295;607;306;380;9; ; ; ; ;190;307;37; ; ; ; ; ; ; 
Rogers, Matthew;197;2188;764;666;2854;163;143;2;270;211;330;105;158;100;171;13;352;927;33;93;107;28;4
Riewoldt, Jack;194;1793;1066;597;2390;470;272;68;444;30;419;78;386;191;168;33;1166;1202;312;584;284;24;158
Tivendale, Greg;188;2107;719;956;3063;125;113;9;453;344;710;355;378;94;131;26;1001;2055;34;65;186;265;40
Hart, Royce;187;2437;955;601;3038;369;333;11; ; ; ; ; ;414;381;46; ; ; ; ; ; ; 
Edwards, Shane;181;1447;485;1501;2948;125;109;15;526;162;458;454;392;127;150;9;1348;1598;54;95;216;96;111
Kellaway, Duncan;180;1398;570;1227;2625;12;11;26;557;114;129;188;104;242;140;11;420;597;13;10;145; ; 
Tuck, Shane;173;1974;782;2072;4046;74;56;189;639;285;599;801;459;164;171;35;1847;2218;69;47;270;34;57
Kellaway, Andrew;172;1489;1047;1049;2538;30;16;27;329;406;187;107;222;213;91;10;802;1517;138;47;409;79;9
Broderick, Paul;169;1692;436;1572;3264;90;62;9;376;78;182;268;68;125;129;46;320;450;9;29;43;27; 
Chaffey, Mark;166;1822;728;818;2640;34;28; ;230;379;382;162;247;65;81;10;753;1716;73;39;239;91;11
Cotchin, Trent;165;2388;592;1549;3937;96;86;44;604;286;604;803;469;304;156;100;1820;2077;51;72;205;87;95
Daffy, Nick;165;2299;413;568;2867;181;165;7;189;89;445;299;142;108;178;31;378;639;5;14;25;51; 
Balme, Neil;159;1351;660;736;2087;229;149;953; ; ; ; ; ;328;431;16; ; ; ; ; ; ; 
Dean, Roger;157;2396;576;527;2923;120;114;10; ; ; ; ; ;435;382;25; ; ; ; ; ; ; 
Jackson, Daniel;156;1643;592;1229;2872;61;71;47;591;184;506;443;434;125;198;17;1079;1812;34;48;236;27;53
Foley, Nathan;154;1436;394;1701;3137;44;38;7;644;200;440;589;380;124;155;25;1326;1844;8;18;135;268;79
Strachan, Greg;154;1292;326;559;1851;8;9;36; ; ; ; ; ;233;183;2; ; ; ; ; ; ; 
Rowlings, Barry;152;2606;404;723;3329;117;90;8; ; ; ; ; ;227;249;22; ; ; ; ; ; ; 
Green, Mike;146;1214;808;454;1668;83;36;1094; ; ; ; ; ;209;232;22; ; ; ; ; ; ; 
Martin, Dustin;145;2187;575;1287;3474;147;110;16;463;269;593;503;490;116;183;73;1268;2234;52;77;148;127;86
Hogg, Jeff;144;1228;570;360;1588;306;197;15;85; ; ; ; ;173;149;7; ; ; ; ; ; ; 
Turner, Scott;144;1017;375;459;1476;33;26;113;100;103;7;5;21;168;166;4;35;51;8; ;5;5; 
Naish, Chris;143;1428;352;727;2155;212;148; ;196; ; ; ; ;160;110;15; ; ; ; ; ; ; 
Rance, Alex;142;1254;811;1118;2372;8;5;19;361;448;128;54;350;211;172;16;907;1496;115;3;1027;99;19
Pickering, Michael;136;1529;872;934;2463;160;126;5;78; ; ; ; ;232;194;19; ; ; ; ; ; ; 
Raines, Geoff;134;2177;464;962;3139;55;91;18; ; ; ; ; ;304;315;38; ; ; ; ; ; ; 
Free, Tony;133;2190;376;549;2739;46;59;10;187; ; ; ; ;288;232;16; ; ; ; ; ; ; 
Ottens, Brad;129;896;666;702;1598;152;79;2015;191;76;266;352;230;154;165;12;982;596;244;194;185;33;11
Egan, Phil;125;1230;473;627;1857;117;128;1;31; ; ; ; ;136;175;24; ; ; ; ; ; ; 
Richardson, Barry;125;1233;534;191;1424;134;68;4; ; ; ; ; ;236;196;10; ; ; ; ; ; ; 
Holland, Ben;125;807;496;550;1357;124;67;193;173;105;153;123;126;115;129;6;566;459;150;97;107;7;2
Lambert, Craig;123;1360;267;1488;2848;53;62;2;250; ; ; ; ;213;169;30; ; ; ; ; ; ; 
Malthouse, Mick;121;1228;226;562;1790;10;12;4; ; ; ; ; ;244;252;1; ; ; ; ; ; ; 
Landy, Graeme;120;1244;443;586;1830;38;25;29; ; ; ; ; ;198;191;20; ; ; ; ; ; ; 
Houli, Bachar;118;1544;639;1048;2592;24;24; ;277;426;342;97;228;86;59;10;615;1819;37;20;246;159;29
Rioli, Maurice;118;1645;243;852;2497;80;57;6;55; ; ; ; ;252;200;60; ; ; ; ; ; ; 
Monteath, Bruce;118;1679;444;552;2231;198;161;9; ; ; ; ; ;290;324;14; ; ; ; ; ; ; 
Torney, Jason;118;784;360;582;1366;16;18;3;167;188;119;90;79;88;78;3;343;548;43;17;131;49; 
Grigg, Shaun;117;1450;607;1190;2640;64;50;102;360;183;407;361;222;74;76;17;804;1815;21;51;115;43;53
Johnson, Kane;116;1436;636;1083;2519;32;24;14;329;244;389;349;233;131;76;22;775;1760;14;28;148;36;62
Vickery, Ty;116;654;450;521;1175;154;81;781;214;27;154;136;204;111;111;8;577;623;127;192;208;9;49
Bond, Graeme;115;1319;211;231;1550;61;83;1; ; ; ; ; ;151;199;8; ; ; ; ; ; ; 
Dunne, Emmett;115;974;453;465;1439;56;60;476; ; ; ; ; ;185;231;11; ; ; ; ; ; ; 
Pettifer, Kayne;113;1156;593;353;1509;132;85; ;168;82;397;80;208;90;77;7;447;1060;48;143;93;39;49
Hunt, Rex;113;1168;655;123;1291;121;123;68; ; ; ; ; ;154;159;35; ; ; ; ; ; ; 
Morris, Kevin;110;1389;213;275;1664;71;64;20; ; ; ; ; ;257;183;9; ; ; ; ; ; ; 
Leys, Brian;110;935;319;396;1331;19;6;17;87; ; ; ; ;172;129;1; ; ; ; ; ; ; 
Tambling, Richard;108;931;505;681;1612;61;55;19;314;98;265;144;197;77;63;9;527;1104;40;65;138;94;45
King, Jake;107;868;420;625;1493;79;46;2;296;116;251;111;274;159;159;4;631;898;26;52;206;99;65
White, Matt;105;806;361;481;1287;54;33;4;338;99;281;130;181;58;93;2;453;849;18;28;178;101;47
McGuane, Luke;105;629;452;611;1240;39;26;30;230;198;87;30;236;60;135; ;476;763;73;42;444;70;17
Palm, David;104;727;283;723;1450;38;27; ;74; ; ; ; ;200;161;7; ; ; ; ; ; ; 
Ellis, Brandon;102;1324;557;939;2263;37;44;1;252;253;248;165;224;57;66;21;596;1638;29;27;109;89;27
Krakouer, Andrew;102;665;247;366;1031;102;60;3;303;34;179;186;151;95;59;2;539;487;19;57;108;34;38
Bond, Chris;100;1011;204;482;1493;32;29;2;228; ; ; ; ;164;132;23; ; ; ; ; ; ; 
Northey, John;100;1112;220;340;1452;172;190;7; ; ; ; ; ;170;154;6; ; ; ; ; ; ; 
Poole, Trevor;99;1087;461;556;1643;56;51;6;53; ; ; ; ;173;186;10; ; ; ; ; ; ; 
Brown, Billy;99;1167;191;253;1420;110;100; ; ; ; ; ; ;248;170;17; ; ; ; ; ; ; 
Hall, Ray;99;517;340;506;1023;28;17;201;200;101;155;111;168;56;97;4;497;568;56;28;404;33;7
Bulluss, Paul;97;571;339;375;946;20;9;70;54;26;14;6;8;104;119;1; ; ; ; ; ; ; 
McKellar, Craig;96;604;302;233;837;25;30;760; ; ; ; ; ;160;100;21; ; ; ; ; ; ; 
Wiley, Robert;95;1706;359;537;2243;127;122;5; ; ; ; ; ;161;154;25; ; ; ; ; ; ; 
Simmonds, Troy;93;808;498;513;1321;66;47;1438;146;76;215;190;229;96;117;12;451;872;55;81;106;19;27
Hyde, Chris;93;683;397;598;1281;39;24;2;192;79;218;131;152;62;76;8;390;925;4;20;100;101;22
Coughlan, Mark;92;931;395;876;1807;39;34;10;349;114;279;323;199;95;72;29;785;1058;38;26;117;53;24
Bower, Brendan;92;962;268;402;1364;19;20;2;103; ; ; ; ;117;122;5; ; ; ; ; ; ; 
Gale, Michael;91;866;314;584;1450;20;17;10;85;23;38;21;10;86;83;12; ; ; ; ; ; ; 
Prescott, Ashley;90;727;197;370;1097;15;9;7;182;24;81;37;22;69;91;3; ; ; ; ; ; ; 
Maxfield, Stuart;89;919;167;259;1178;65;60;1;164; ; ; ; ;56;87;6; ; ; ; ; ; ; 
Walsh, Wayne;88;1202;205;253;1455;30;36; ; ; ; ; ; ;180;138;2; ; ; ; ; ; ; 
Strang, Geoff;88;989;284;117;1106; ;4;4; ; ; ; ; ;124;148;1; ; ; ; ; ; ; 
Cumming, Daryl;88;523;124;356;879;64;54;3; ; ; ; ; ;82;108; ; ; ; ; ; ; ; 
Tempany, Bruce;87;794;254;488;1282;33;34;9; ; ; ; ; ;161;151;4; ; ; ; ; ; ; 
Moore, Kelvin;87;615;414;429;1044;12;16;2;162;162;63;17;117;52;64; ;315;711;36;19;340;38;8
Sproule, Paul;86;1056;128;369;1425;93;90;4; ; ; ; ; ;133;147;6; ; ; ; ; ; ; 
Morris, Steven;86;472;223;541;1013;12;6; ;201;102;99;41;137;78;69; ;379;654;19;13;247;33;18
Bourke, David;85;498;183;211;709;18;20;29;95;55;38;17;40;79;44;5;142;173;13;10;45;10; 
Cameron, Leon;84;960;333;366;1326;40;23;2;90;249;247;69;101;40;24;17;308;971;19;27;77;102;7
Nahas, Robin;83;657;279;549;1206;100;63; ;327;44;205;62;164;88;67;6;437;784;12;59;50;66;47
Batchelor, Jake;83;637;332;378;1015;4;8;1;172;175;83;22;147;31;61; ;297;718;38;4;261;16;12
Brown, Nathan;82;1111;455;453;1564;143;110; ;135;112;285;143;191;57;48;18;480;1067;36;143;64;140;58
Hilton, Rory;82;778;299;274;1052;53;50;5;125;104;169;102;132;60;71;17;408;626;43;59;119;75;10
Mitchell, Michael;81;833;302;640;1473;103;91;1;168; ; ; ; ;91;136;23; ; ; ; ; ; ; 
McGhie, Robert;81;596;207;241;837; ;2;7; ; ; ; ; ;101;144;9; ; ; ; ; ; ; 
Maric, Ivan;80;535;274;562;1097;33;19;2117;236;66;132;263;160;111;88;5;617;477;76;33;251;11;34
Moore, Eric;80;885;265;169;1054;94;67;3; ; ; ; ; ;107;124;5; ; ; ; ; ; ; 
Barrot, Bill;79;1604;381;208;1812;76;81;9; ; ; ; ; ;165;210;32; ; ; ; ; ; ; 
Leech, Eric;79;446;173;169;615; ;1;1; ; ; ; ; ;105;105; ; ; ; ; ; ; ; 
Stewart, Ian;78;1274;345;244;1518;55;35;23; ; ; ; ; ;158;141;45; ; ; ; ; ; ; 
Roberts, Brian;78;534;346;236;770;34;24;806; ; ; ; ; ;139;225;10; ; ; ; ; ; ; 
Fiora, Aaron;78;498;279;268;766;25;23;13;92;102;149;46;107;40;44; ;260;526;23;33;124;89;8
Conca, Reece;77;799;285;579;1378;21;27;3;265;120;199;180;218;76;111;3;478;852;10;15;88;51;27
James, Stephen;77;644;266;282;926;78;63;2;43; ; ; ; ;94;83;3; ; ; ; ; ; ; 
Thursfield, Will;77;298;235;406;704; ;4;1;112;118;26;14;107;36;74; ;215;477;27;2;459;23;2
Nichols, Trent;75;897;180;309;1206;65;44;1;86;3;10;3;2;67;75;17; ; ; ; ; ; ; 
Chaplin, Troy;75;621;409;461;1082;5;4;5;119;172;73;13;96;52;45; ;349;740;39;5;326;12;10
Tape, Jamie;75;628;259;348;976;4;4;4;122; ; ; ; ;75;75;5; ; ; ; ; ; ; 
Merenda, Mark;75;607;156;246;853;62;61;1;81;4;26;6;9;77;66;17;18;7; ;1;5;1; 
Harrison, Ben;74;761;280;331;1092;39;29;26;74;87;132;60;63;42;34;5;135;259;20;8;13;10; 
Bower, Nathan;74;597;164;250;847;22;25;3;105;12;12;9;8;54;47;7; ; ; ; ; ; ; 
Stafford, Greg;74;438;311;276;714;83;32;765;88;46;102;141;131;68;81;9;388;332;96;98;91;2;22
Smith, Craig;72;775;241;356;1131;23;20;1;58; ; ; ; ;82;84;5; ; ; ; ; ; ; 
Vlastuin, Nick;72;624;331;496;1120;18;7;5;203;129;120;61;126;58;57;1;382;726;28;11;178;6;16
Jewell, Tony;71;768;238;152;920;11;14;12; ; ; ; ; ;69;110; ; ; ; ; ; ; ; 
Grimes, Dylan;71;449;269;355;804;2;1; ;142;111;47;15;123;61;65; ;279;513;34;3;326;11;1
Schulz, Jay;71;407;285;201;608;58;41;6;103;47;93;16;89;43;40;2;218;399;44;95;123;18;18
Patterson, Michael;69;698;197;141;839;48;43;1019; ; ; ; ; ;177;254;8; ; ; ; ; ; ; 
Zantuck, Ty;68;440;230;335;775;20;12;2;97;170;55;40;98;35;44; ;279;491;36;17;169;31;5
Edwards, Allan;66;736;250;230;966;84;68;4; ; ; ; ; ;104;125;18; ; ; ; ; ; ; 
Boyanich, Ray;66;617;281;235;852;44;45;367; ; ; ; ; ;87;193;10; ; ; ; ; ; ; 
Annear, John;65;916;269;662;1578;43;49;3; ; ; ; ; ;124;107;15; ; ; ; ; ; ; 
Rodan, David;65;397;138;259;656;43;25;1;138;40;154;109;80;24;26;1;340;325;14;18;80;146;17
Powell, Tim;64;584;234;351;935;40;48;1;26; ; ; ; ;55;55;12; ; ; ; ; ; ; 
Guinane, Paddy;63;575;332;77;652;141;111;81; ; ; ; ; ;76;133;8; ; ; ; ; ; ; 
Eustice, Mark;62;840;125;272;1112;26;33; ;24; ; ; ; ;74;87;6; ; ; ; ; ; ; 
Pattison, Adam;61;269;235;401;670;15;10;422;131;41;83;87;105;55;49; ;246;431;18;20;119;15;19
Wall, Matthew;60;510;137;317;827;23;25;1; ; ; ; ; ;77;161; ; ; ; ; ; ; ; 
Burgin, Graham;60;580;141;106;686; ;1;2; ; ; ; ; ;56;117;5; ; ; ; ; ; ; 
Bowden, Michael;59;532;210;513;1045;20;19;25; ; ; ; ; ;89;120;9; ; ; ; ; ; ; 
Pickering, Justin;59;667;213;331;998;54;39;3;62; ; ; ; ;62;96;2; ; ; ; ; ; ; 
Morton, Mitch;59;495;274;325;820;94;55;1;157;33;165;65;97;40;30;1;281;532;39;94;39;17;32
Manton, John;59;440;212;268;708;38;18;73;22; ; ; ; ;88;44;3; ; ; ; ; ; ; 
Ronaldson, John;59;354;142;86;440;33;31;416; ; ; ; ; ;74;59;2; ; ; ; ; ; ; 
King, Clinton;58;431;144;423;854;10;6; ;106;51;127;152;66;38;29;7;304;557;2;7;70;23;1
Lamb, Robert;58;724;172;118;842;120;84; ; ; ; ; ; ;72;81;9; ; ; ; ; ; ; 
Gepp, Tim;57;542;138;360;902;3;3;5; ; ; ; ; ;120;88;1; ; ; ; ; ; ; 
Clayton, Cameron;57;446;90;241;687;20;31; ; ; ; ; ; ;68;121;2; ; ; ; ; ; ; 
Griffiths, Ben;57;304;204;194;498;38;39;271;112;15;110;29;84;38;51; ;240;270;61;47;143;2;20
Jenkinson, Noel;57;282;94;103;385; ; ;1; ; ; ; ; ;67;42;5; ; ; ; ; ; ; 
Raines, Andrew;56;516;232;460;976;1;2; ;84;150;86;36;132;33;55;3;228;759;6;2;71;124;6
Polo, Dean;56;412;296;485;897;11;13;3;120;98;69;66;109;42;51;5;316;591;24;17;125;39;14
Smith, Terry;56;511;145;297;808;15;22;3; ; ; ; ; ;76;119;6; ; ; ; ; ; ; 
Powell, Robert;56;548;131;255;803;53;42; ;83;56;101;41;49;50;63;2;97;106;2;2;8;23; 
Ryan, Des;56;340;171;302;642;29;26;7;33; ; ; ; ;48;52;1; ; ; ; ; ; ; 
Goodwin, Andy;56;370;133;148;518;9;10;46;57; ; ; ; ;81;143; ; ; ; ; ; ; ; 
Honybun, David;55;439;263;144;583;39;38;275;26; ; ; ; ;56;74;13; ; ; ; ; ; ; 
Wilson, Peter;54;654;229;305;959;39;28;17;66; ; ; ; ;57;124;9; ; ; ; ; ; ; 
Charles, Justin;54;391;193;215;606;38;23;345;73; ;2;2; ;77;106;17; ; ; ; ; ; ; 
Heard, Bob;54;268;220;232;500;45;14;759; ; ; ; ; ;101;99;4; ; ; ; ; ; ; 
Young, Barry;53;441;136;327;768;23;27;4;108; ; ; ; ;89;67;5; ; ; ; ; ; ; 
Perry, Mike;53;453;159;101;554;6;4;43; ; ; ; ; ;62;79;6; ; ; ; ; ; ; 
Dear, Greg;53;269;103;182;451;9;5;518;53; ; ; ; ;88;87;1; ; ; ; ; ; ; 
Richardson, Alan;52;518;171;448;966;23;33;87; ; ; ; ; ;95;137;8; ; ; ; ; ; ; 
Francis, Peter;52;684;153;223;907;22;19; ; ; ; ; ; ;64;88;2; ; ; ; ; ; ; 
Astbury, David;52;332;198;242;574;8;6;3;81;82;30;13;53;36;19; ;197;381;25;3;205;9;5
Robertson, Graeme;51;315;115;201;516;1;1;25; ; ; ; ; ;71;80;3; ; ; ; ; ; ; 
Burton, Chris;50;729;136;192;921;8;16; ;25; ; ; ; ;76;49;2; ; ; ; ; ; ; 
Carter, Noel;50;571;90;198;769;55;52;7; ; ; ; ; ;117;78;2; ; ; ; ; ; ; 
Miles, Anthony;49;588;177;583;1171;21;11; ;208;78;163;289;113;126;59;13;553;628;4;11;43;5;18
Banik, Anthony;49;469;105;206;675; ;3; ;42; ; ; ; ;54;36;1; ; ; ; ; ; ; 
Fowler, Laurie;49;426;134;50;476;7;4;1; ; ; ; ; ;118;55;5; ; ; ; ; ; ; 
Roberts, Neville;48;507;181;271;778;81;44;6; ; ; ; ; ;80;111;11; ; ; ; ; ; ; 
Graham, Angus;48;183;151;290;473;18;9;882;168;27;49;77;103;52;74; ;205;260;27;23;101;1;11
Dragicevic, Marc;48;245;91;150;395;25;17;2;45;18;79;39;42;15;14;1;159;248;8;21;15;8; 
Crowe, Neville;47;385;230;207;592;20;16;788; ; ; ; ; ;120;114;19; ; ; ; ; ; ; 
Davenport, Don;46;576;115;96;672;35;32;1; ; ; ; ; ;54;49;6; ; ; ; ; ; ; 
Welsh, Peter;46;423;80;172;595;45;32; ; ; ; ; ; ;50;110;5; ; ; ; ; ; ; 
Czerkaski, Peter;46;313;99;136;449;6;7;1;35; ; ; ; ;73;53; ; ; ; ; ; ; ; 
Edwards, Stuart;46;230;117;125;355;52;47;35;20; ; ; ; ;30;35; ; ; ; ; ; ; ; 
McKellar, Allan;45;465;140;302;767;15;14; ;52; ; ; ; ;119;65;15; ; ; ; ; ; ; 
Howat, John;45;286;120;154;440;2;2;12;25; ; ; ; ;42;39;3; ; ; ; ; ; ; 
Biddiscombe, Craig;44;367;154;194;561;7;4;3;51;67;100;41;51;25;25; ;192;378;12;3;49;23;1
Ryan, Stephen;43;455;212;278;733;39;34;1;30; ; ; ; ;44;56;4; ; ; ; ; ; ; 
Taylor, Brian;43;292;211;78;370;156;90;14; ; ; ; ; ;24;115;7; ; ; ; ; ; ; 
Thomson, Michael;42;407;114;285;692;15;9;1;39; ; ; ; ;41;44;1; ; ; ; ; ; ; 
Swift, Fred;42;453;170;23;476;17;27;6; ; ; ; ; ;74;68;5; ; ; ; ; ; ; 
Pitura, John;40;487;115;202;689;24;27;1; ; ; ; ; ;74;117;18; ; ; ; ; ; ; 
Walsh, Phil;40;423;145;263;686;14;17;4; ; ; ; ; ;85;51;2; ; ; ; ; ; ; 
Scrimshaw, Ian;40;447;88;112;559;26;27;4; ; ; ; ; ;44;66; ; ; ; ; ; ; ; 
Peart, Neil;40;341;121;139;480;9;5;16;1; ; ; ; ;63;57;9; ; ; ; ; ; ; 
McLean, Ricky;39;309;147;63;372;103;70;1; ; ; ; ; ;50;93;1; ; ; ; ; ; ; 
Hollick, Greg;38;564;117;51;615;19;17;5; ; ; ; ; ;61;72;3; ; ; ; ; ; ; 
Polak, Graham;38;310;261;227;537;16;17;73;59;71;55;29;52;30;20;6;194;343;48;35;122;11;14
Sziller, Steven;38;211;67;180;391;3;13;2;85;31;71;57;29;14;28; ;158;241;8;7;62;3; 
Dimattina, Frank;37;413;60;84;497;41;40; ; ; ; ; ; ;78;69;10; ; ; ; ; ; ; 
Sarah, Paul;37;329;89;73;402;51;38; ; ; ; ; ; ;42;51;5; ; ; ; ; ; ; 
Nixon, Richard;37;173;113;144;317;3;1;52;29; ; ; ; ;55;51; ; ; ; ; ; ; ; 
Stewart, Craig;35;259;127;175;434;3;4;75; ; ; ; ; ;50;32;1; ; ; ; ; ; ; 
Hartigan, Brent;35;252;95;149;401;3;5;2;53;60;56;22;55;13;21; ;137;259;5;5;63;72;10
McMahon, Jordan;34;460;186;278;738;9;11; ;67;115;94;35;74;15;21;2;121;606;2;9;55;54;11
McQueen, Mark;34;290;107;157;447;14;21;9;18; ; ; ; ;36;25; ; ; ; ; ; ; ; 
Lloyd, Sam;34;254;130;154;408;48;21; ;89;6;70;18;58;25;25; ;158;249;16;45;17;4;10
Fleming, Tim;34;205;94;173;378;10;11;6;79;32;75;54;64;30;30; ;164;229;6;8;53;6;5
Vardy, Royce;34;135;67;102;237;3;5;34;34;55;16;22;24;21;7; ;114;126;16;6;52; ;1
Beard, Colin;33;349;136;48;397; ; ;3; ; ; ; ; ;55;50;1; ; ; ; ; ; ; 
Erwin, Mick;33;302;135;59;361;37;33;4; ; ; ; ; ;51;56; ; ; ; ; ; ; ; 
Houlihan, Adam;33;258;127;91;349;24;23;1;39;30;63;27;38;24;9; ;120;223;17;33;38;13;4
Owen, Ian;33;220;45;57;277; ; ;4; ; ; ; ; ;34;40; ; ; ; ; ; ; ; 
Cousins, Ben;32;310;110;424;734;12;9; ;93;62;78;103;58;32;13;7;250;491;3;8;30;20;13
Hunt, Taylor;32;308;166;246;554;1;2;1;64;65;45;23;71;19;27;4;135;435;2; ;46;12;11
Martello, Alan;32;300;70;81;381;3;6;102; ; ; ; ; ;74;66;2; ; ; ; ; ; ; 
Cameron, Barry;31;365;94;99;464;9;9;4; ; ; ; ; ;57;37;8; ; ; ; ; ; ; 
Mount, Stephen;31;228;88;149;377;9;12;15; ; ; ; ; ;54;54;1; ; ; ; ; ; ; 
Andrews, Gareth;31;306;136;62;368;1;3; ; ; ; ; ; ;36;43; ; ; ; ; ; ; ; 
Dea, Matt;31;163;104;189;352;1; ; ;57;41;24;7;38;18;12; ;130;227;10; ;71;2;1
Petterd, Ricky;30;328;171;198;526;17;10;5;95;61;86;46;68;29;19; ;182;356;14;21;71;11;6
Smith, Kevin;30;278;108;68;346; ; ;1; ; ; ; ; ;38;74;7; ; ; ; ; ; ; 
Post, Jayden;30;158;122;153;311;6;8;31;33;42;30;11;46;13;21; ;104;206;26;16;98;7;3
Ryan, Damien;30;195;51;65;260;6;3; ;36;13;14;6;3;22;13; ; ; ; ; ; ; ; 
James, Aaron;30;174;80;72;246;19;13;16;19;69;26;8;26;12;11; ;82;102;13;13;11;4; 
Allford, Grant;30;185;65;53;238;1;3;2; ; ; ; ; ;48;33; ; ; ; ; ; ; ; 
Connors, Daniel;29;328;157;186;514;11;7; ;52;62;65;18;77;22;24;3;142;383;11;8;36;15;10
McIntosh, Kamdyn;29;315;124;146;461;8;9; ;74;71;70;31;71;19;24;2;136;318;5;9;47;17;14
Hamilton, Greg;29;155;47;92;247;17;17; ;21; ; ; ; ;21;19; ; ; ; ; ; ; ; 
Lennon, Bruce;28;204;84;173;377;7;1; ;30; ; ; ; ;32;39; ; ; ; ; ; ; ; 
Farmer, Mitch;28;192;84;155;347;8;9; ;61;56;43;20;43;12;16; ;126;213;5;7;66;4;3
Evans, Brett;28;144;86;128;272;26;13;4;46;12;46;21;16;21;26; ;42;32;9;10;5; ; 
Notting, Dean;28;161;68;78;239;17;18; ;10; ; ; ; ;23;24;3; ; ; ; ; ; ; 
Cloke, Peter;28;159;64;36;195;4;4; ; ; ; ; ; ;18;24;2; ; ; ; ; ; ; 
Thorpe, David;27;385;55;130;515;24;20;1; ; ; ; ; ;55;83;6; ; ; ; ; ; ; 
Williams, Shane;27;212;79;109;321;14;11;6; ; ; ; ; ;41;51; ; ; ; ; ; ; ; 
Sampson, Clay;27;191;46;47;238;18;17; ;42;11;83;9;19;21;23; ;111;122;3;12;17;7; 
Hampson, Shaun;27;79;61;131;210;3;8;789;31;10;28;42;54;31;31; ;117;102;21;11;80; ;4
Funcke, Ross;27;111;36;67;178;1;5; ;21;10;6;4;8;10;8; ;18;25;1;1;8; ; 
Clark, Simon;27;108;51;65;173;6;9;105;15; ; ; ; ;28;41; ; ; ; ; ; ; ; 
Bottams, Phillip;26;182;42;112;294;4; ;1; ; ; ; ; ;38;21; ; ; ; ; ; ; ; 
Laffy, Michael;26;106;73;148;254; ; ;6;25; ; ; ; ;32;13; ; ; ; ; ; ; ; 
McMillan, Marty;26;173;29;44;217;13;17;1; ; ; ; ; ;29;35; ; ; ; ; ; ; ; 
Neeld, Mark;26;79;27;38;117;16;8;5;19; ; ; ; ;8;21; ; ; ; ; ; ; ; 
Bowden, Patrick;25;330;206;156;486;15;12;4;33;105;45;11;53;15;9;6;100;375;12;15;59;40;9
Collins, Andrew;25;198;95;216;414;23;10;4;85;29;67;32;58;14;25; ;123;289;9;12;32;9;8
Lambert, Kane;25;211;80;166;377;14;13; ;75;24;67;49;53;14;23; ;154;221;2;17;21;2;14
Breman, Todd;25;196;76;105;301;24;19;1;17; ; ; ; ;17;17;2; ; ; ; ; ; ; 
Keays, Terry;25;217;92;72;289;29;18;1;15; ; ; ; ;26;24; ; ; ; ; ; ; ; 
Laughlin, Peter;25;182;62;59;241;46;22; ; ; ; ; ; ;33;35;2; ; ; ; ; ; ; 
Perry, John;24;265;71;47;312;1;8;2; ; ; ; ; ;36;37; ; ; ; ; ; ; ; 
Pym, Chris;24;200;65;100;300;13;10; ;26; ; ; ; ;18;20; ; ; ; ; ; ; ; 
Warner, Ross;24;201;70;57;258;22;23;7; ; ; ; ; ;28;26;1; ; ; ; ; ; ; 
Miller, Brad;24;137;109;112;249;31;19;26;52;5;44;5;39;24;22; ;97;157;19;42;48; ;16
Busse, Neil;24;182;78;20;202;2;4;1; ; ; ; ; ;25;16;1; ; ; ; ; ; ; 
Moore, Ben;24;119;29;49;168;11;11; ;25;3;21;16;5;15;18; ;28;21;2;3;2; ; 
Shinners, Kevin;23;211;68;51;262; ; ;1; ; ; ; ; ;26;33; ; ; ; ; ; ; ; 
Nason, Ben;23;164;75;96;260;17;6; ;54;15;57;4;33;19;14; ;79;185;2;8;24;14;5
Dickeson, Wilf;23;199;40;14;213; ; ; ; ; ; ; ; ;28;22;3; ; ; ; ; ; ; 
McKenna, Michael;22;232;31;136;368;10;6; ; ; ; ; ; ;41;29;3; ; ; ; ; ; ; 
Hogan, Peter;22;258;27;35;293;29;29; ; ; ; ; ; ;50;30;5; ; ; ; ; ; ; 
Howat, Cameron;21;228;100;85;313;10;5; ;35;22;59;19;36;6;13; ;50;263; ;3;34;46;9
Jackson, Stevan;21;188;83;92;280;30;15;18;28; ; ; ; ;27;42;2; ; ; ; ; ; ; 
Gordon, Nathan;21;142;78;87;229;18;12; ;40;8;51;4;44;11;20; ;86;150;4;19;13;8;5
Knobel, Trent;21;54;53;101;155;4;5;341;34;6;21;19;44;18;26; ;63;94;9;10;50;1;2
Rae, Stephen;20;165;33;85;250;11;14; ; ; ; ; ; ;24;38; ; ; ; ; ; ; ; 
Peardon, Derek;20;176;36;49;225;1;2; ; ; ; ; ; ;33;23; ; ; ; ; ; ; ; 
Graham, Mark;20;130;64;93;223;2; ;12;17;34;32;13;33;13;13; ;90;123;9;2;63; ;3
Hislop, Tom;20;100;66;113;213;10;8;1;50;10;31;18;53;17;34; ;89;130;6;10;31; ;12
Hernaman, Wayne;20;153;30;56;209;9;10; ;21; ; ; ; ;24;24; ; ; ; ; ; ; ; 
McKee, Steven;20;66;39;70;136;1;1;95;16;11;25;25;9;11;4; ;59;43;11;1;9; ; 
Proctor, Lionel;20;75;29;31;106;4;1; ;24;12;13;11;16;4;12; ;40;56;3;2;15;1; 
Gaunt, Graham;19;188;45;100;288;8;11;18; ; ; ; ; ;23;46;5; ; ; ; ; ; ; 
Gowers, Trevor;19;234;50;21;255;2; ; ; ; ; ; ; ;19;18; ; ; ; ; ; ; ; 
Francis, Matthew;19;170;55;60;230;13;12;2;9; ; ; ; ;20;19; ; ; ; ; ; ; ; 
Menegola, Todd;19;162;56;65;227;13;18;1;17; ; ; ; ;11;13; ; ; ; ; ; ; ; 
Scott, Allister;19;123;51;82;205;10;9;5;22; ; ; ; ;33;15; ; ; ; ; ; ; ; 
Blumfield, Justin;19;87;49;87;174;5;1;3;19;9;25;21;17;10;5; ;77;104;6;3;22;2;6
Sartori, Ian;18;180;60;84;264;7;11;2; ; ; ; ; ;29;40; ; ; ; ; ; ; ; 
Preston, Andy;18;132;35;114;246;6;7; ; ; ; ; ; ;35;60;1; ; ; ; ; ; ; 
Geary, Richard;18;153;49;87;240;10;9; ; ; ; ; ; ;21;18; ; ; ; ; ; ; ; 
Naylor, Greg;18;127;35;62;189;4;8; ; ; ; ; ; ;16;24; ; ; ; ; ; ; ; 
Lennon, Ben;18;135;83;49;184;8;7; ;16;5;36;4;25;13;6; ;61;129;11;13;21; ;13
Plapp, Justin;18;86;62;49;135;22;7; ;15;4;23;5;12;11;17;1;38;27;16;13;7; ; 
Jurica, Stephen;18;80;44;35;115;25;22;17;10; ; ; ; ;11;18; ; ; ; ; ; ; ; 
Collins, Dennis;17;178;39;86;264;2;9;2; ; ; ; ; ;23;30;5; ; ; ; ; ; ; 
Gahan, Graeme;17;226;36;25;251; ; ;2; ; ; ; ; ;35;29;1; ; ; ; ; ; ; 
Murphy, Ted;17;192;61;35;227;1; ;10; ; ; ; ; ;19;22;5; ; ; ; ; ; ; 
Ellis, Corey;17;117;44;99;216;4;4; ;43;36;18;13;21;8;2; ;55;148;4;5;6;1;4
Freame, Daryl;17;119;13;79;198;5;4;2; ; ; ; ; ;27;25;2; ; ; ; ; ; ; 
Frangalas, Gary;17;148;57;47;195;2;4; ;9; ; ; ; ;30;19;3; ; ; ; ; ; ; 
Griffiths, Stuart;17;97;30;98;195;14;9; ;13; ; ; ; ;10;11;1; ; ; ; ; ; ; 
Meyer, Danny;17;83;34;52;135;7;4; ;30;7;28;7;21;9;11; ;57;80;2;5;17;2;4
Ablett, Geoff;16;216;46;46;262;12;17; ; ; ; ; ; ;19;30;1; ; ; ; ; ; ; 
McKenzie, Des;16;182;33;35;217; ; ; ; ; ; ; ; ;26;40;2; ; ; ; ; ; ; 
Menadue, Connor;16;78;41;102;180;6;4; ;43;10;20;13;26;11;8; ;59;128;1;2;14;3;5
Webberley, Jeromey;16;108;47;69;177;3;1; ;26;20;26;13;15;5;9; ;48;129;2; ;8;1;2
Helbig, Brad;16;83;42;65;148;4;3; ;25;11;17;4;23;12;6; ;45;102;2;3;6;3;2
Hammond, Mike;16;114;32;23;137;5;8;4; ; ; ; ; ;9;14; ; ; ; ; ; ; ; 
Madigan, Owen;16;126;29;10;136;1;1; ; ; ; ; ; ;15;18; ; ; ; ; ; ; ; 
Nugent, Michael;16;77;30;47;124;2;2;65; ; ; ; ; ;19;17; ; ; ; ; ; ; ; 
Hughes, Cleve;16;69;52;38;107;23;13;2;13;4;10;1;13;14;3; ;42;66;8;21;6;1;1
McInnes, George;16;65;27;24;89;6;11;106; ; ; ; ; ;15;36; ; ; ; ; ; ; ; 
Thomas, Matt;15;92;58;213;305;6; ;1;83;8;26;60;49;15;35; ;145;172;3;3;24; ;9
Nettlefold, Bill;15;121;20;60;181;6;5;1; ; ; ; ; ;18;34; ; ; ; ; ; ; ; 
Hewitt, Glynn;15;97;27;47;144;15;11; ; ; ; ; ; ;17;18; ; ; ; ; ; ; ; 
Sheahan, John;15;133;32;11;144;11;17; ; ; ; ; ; ;11;14; ; ; ; ; ; ; ; 
Summers, Mark;15;109;73;33;142;4;5;27;7; ; ; ; ;9;16; ; ; ; ; ; ; ; 
Smythe, Keith;15;110;16;16;126;8;13; ; ; ; ; ; ;9;14; ; ; ; ; ; ; ; 
Taubert, Steven;15;81;39;19;100;14;13;52; ; ; ; ; ;16;11; ; ; ; ; ; ; ; 
Herman, Ian;14;140;24;92;232;6;10;2;13; ; ; ; ;18;20; ; ; ; ; ; ; ; 
Brown, Mal;14;98;40;91;189;25;17; ; ; ; ; ; ;21;39; ; ; ; ; ; ; ; 
Wigney, Stuart;14;107;50;53;160;1;2;4;5; ; ; ; ;11;5;4; ; ; ; ; ; ; 
Thompson, Murray;14;112;22;41;153;3;3; ; ; ; ; ; ;27;20; ; ; ; ; ; ; ; 
Barling, Tim;14;81;52;69;150;1;2;114; ; ; ; ; ;19;41;2; ; ; ; ; ; ; 
Dundas, Matthew;14;106;25;43;149;5;4; ;14; ; ; ; ;14;11; ; ; ; ; ; ; ; 
Blurton, Ashley;14;86;37;62;148;7;7; ;11;9;25;13;8;6;9; ;28;59;2;6;6; ; 
Nalder, Bill;14;64;31;20;84;5;7;41; ; ; ; ; ;12;35; ; ; ; ; ; ; ; 
Mills, Andrew;14;50;22;21;71;5;3; ;3;2;16;2;6;4;3; ;28;44;1;5;9;4; 
Waterson, Colin;13;117;38;89;206;9;10;12; ; ; ; ; ;24;11; ; ; ; ; ; ; ; 
Hywood, Steve;13;109;20;40;149; ; ;3; ; ; ; ; ;21;45; ; ; ; ; ; ; ; 
Foley, Dan;13;69;44;74;143;9;6;16; ; ; ; ; ;14;35;1; ; ; ; ; ; ; 
Rombotis, John;13;43;20;64;107;2;3;1;9;5;20;22;14;8;3; ;42;34;1;1;10; ; 
Oakley-Nicholls, Jarrad;13;72;61;27;99;1;1; ;16;5;15;4;28;2;10; ;23;80;2;8;15;9;2
Robbins, Graham;13;76;18;21;97;9;12;1; ; ; ; ; ;13;15; ; ; ; ; ; ; ; 
Lovett, Wally;13;52;16;36;88;6;8; ; ; ; ; ; ;11;10; ; ; ; ; ; ; ; 
Underwood, Andrew;12;128;26;61;189;4;3;1;11; ; ; ; ;6;15;2; ; ; ; ; ; ; 
Edwards, Aaron;12;103;70;61;164;15;11; ;24;6;30;3;20;12;6;2;72;91;15;26;20; ;7
Roberts, Michael;12;119;9;29;148;4;2; ; ; ; ; ; ;17;19;3; ; ; ; ; ; ; 
Shand, Wayne;12;107;27;37;144;1;1; ; ; ; ; ; ;17;8; ; ; ; ; ; ; ; 
Esler, Ty;12;55;45;79;134; ;2;119;8; ; ; ; ;15;29; ; ; ; ; ; ; ; 
Browne, Andrew;12;18;24;85;103;2;1;184;19;4;5;20;28;15;19; ;56;50;6;4;26; ;2
Stonehouse, Ken;12;58;21;31;89;4;4;1; ; ; ; ; ;18;10; ; ; ; ; ; ; ; 
Ball, Ray;12;71;21;16;87; ; ; ; ; ; ; ; ;10;14; ; ; ; ; ; ; ; 
Murphy, Justin;12;56;21;17;73;9;16; ;4; ; ; ; ;7;12; ; ; ; ; ; ; ; 
Wallace, Terry;11;171;30;99;270;7;8; ;19; ; ; ; ;25;18;3; ; ; ; ; ; ; 
Einsiedel, John;11;90;27;51;141;1;3;2; ; ; ; ; ;20;19; ; ; ; ; ; ; ; 
Thomas, Ron;11;96;21;25;121; ; ;1; ; ; ; ; ;12;22; ; ; ; ; ; ; ; 
McMillan, Geoff;11;83;28;37;120;5;7; ; ; ; ; ; ;13;13; ; ; ; ; ; ; ; 
Schaefer, Robert;11;72;35;43;115;3;5;88;2; ; ; ; ;11;10; ; ; ; ; ; ; ; 
Dickson, Glenn;11;85;30;22;107;10;13;2; ; ; ; ; ;15;14; ; ; ; ; ; ; ; 
Pirrie, Stephen;11;71;29;24;95; ; ;4; ; ; ; ; ;13;17; ; ; ; ; ; ; ; 
Roach, Tom;11;48;11;32;80;1;1; ;10;10;10;6;9;2; ; ;21;57;1; ;7;1;4
Tschirpig, Bruce;10;108;26;31;139;12;10; ; ; ; ; ; ;20;17;6; ; ; ; ; ; ; 
Rolfe, Michael;10;92;10;44;136;4;9; ; ; ; ; ; ;12;35; ; ; ; ; ; ; ; 
Davidson, Garry;10;84;36;52;136;9;6;1; ; ; ; ; ;9;21; ; ; ; ; ; ; ; 
Betts, Gerald;10;81;24;35;116; ;1;1; ; ; ; ; ;13;14; ; ; ; ; ; ; ; 
McDonough, Matt;10;64;21;44;108;1;2; ;21;21;17;8;11;4;6; ;32;76;2;1;17;11;1
Noonan, Alan;10;71;44;32;103;14;15; ; ; ; ; ; ;7;17; ; ; ; ; ; ; ; 
Berry, Jeff;10;65;19;35;100; ;3; ; ; ; ; ; ;18;10; ; ; ; ; ; ; ; 
Beale, Darryl;10;90;32;9;99; ; ; ; ; ; ; ; ;7;17; ; ; ; ; ; ; ; 
Winton, Brian;10;75;25;23;98;3;5;1; ; ; ; ; ;9;12; ; ; ; ; ; ; ; 
Rioli, Daniel;10;43;15;48;91;6;5; ;30;3;16;2;21;10;7; ;40;55;1;5;7;6;6
Nicholls, Bill;10;49;30;35;84;2;5; ;8;2;19;12;14;3;4; ;30;54;4;6;11; ;2
Maric, Addam;10;40;15;43;83;1;2; ;18;3;11; ;14;2;3; ;21;61;1;1;4;3;5
Beckwith, Bill;10;56;8;6;62;8;8; ; ; ; ; ; ;8;8; ; ; ; ; ; ; ; 
Vernon, Daryl;9;76;9;33;109;3;7; ; ; ; ; ; ;12;10;3; ; ; ; ; ; ; 
Elliott, Jamie;9;62;20;46;108;1; ; ;9; ; ; ; ;2;7; ; ; ; ; ; ; ; 
Hummel, Jon;9;77;26;29;106;7;6; ; ; ; ; ; ;11;13; ; ; ; ; ; ; ; 
Arnot, Matt;9;46;18;47;93;5;5; ;37;5;15;10;16;9;6; ;49;47;1;4;10; ;2
OHanlon, Brett;9;42;24;30;72;2;5; ;14; ;16;2;7;4;2; ;15;59;1;2;5;1;1
Poyas, Ezra;9;35;15;18;53;6;1; ;5;3;13;1;10;1;3; ;17;34;3;4;8;6; 
Livingstone, Tim;8;86;20;23;109;1;2; ;15; ; ; ; ;20;8; ; ; ; ; ; ; ; 
Thornton, Ron;8;71;15;26;97;6;3; ; ; ; ; ; ;6;6; ; ; ; ; ; ; ; 
Mrakov, John;8;60;23;31;91; ;1;1;4; ; ; ; ;11;8; ; ; ; ; ; ; ; 
Short, Jayden;8;72;30;12;84;6;3; ;17;13;14;2;14;6;9; ;25;58;1;4;10;3;2
Campbell, Blair;8;73;15;10;83;12;8; ; ; ; ; ; ;13;9;2; ; ; ; ; ; ; 
Morrison, Shane;8;46;38;36;82;3;1;4;7;2;11;1;6;7;2; ;20;63;2;3;24; ;3
Murrie, Richard;8;49;13;31;80; ; ;1; ; ; ; ; ;20;5; ; ; ; ; ; ; ; 
Sullivan, Chris;8;31;8;25;56;4;2; ;8; ; ; ; ;2;7; ; ; ; ; ; ; ; 
Walford, Bill;8;48;10;6;54;1; ; ; ; ; ; ; ;7;6; ; ; ; ; ; ; ; 
Hollands, Ben;8;28;17;14;42;5; ; ;5;3;13;7;5;2;1; ;19;26;2;6;10; ; 
Orchard, Ray;8;25;10;4;29;2;2;1; ; ; ; ; ;1;1; ; ; ; ; ; ; ; 
Thiessen, James;7;83;21;34;117;3;8; ;4; ; ; ; ;5;6; ; ; ; ; ; ; ; 
Crebbin, Tom;7;71;18;35;106;3;4; ; ; ; ; ; ;10;5; ; ; ; ; ; ; ; 
Judd, Wayne;7;81;16;16;97;9;8;1; ; ; ; ; ;26;26;1; ; ; ; ; ; ; 
Feltham, Paul;7;75;12;18;93;8;2; ; ; ; ; ; ;8;6; ; ; ; ; ; ; ; 
Parkes, Gary;7;67;14;19;86;6;3; ; ; ; ; ; ;12;12; ; ; ; ; ; ; ; 
Miels, Brenton;7;70;16;13;83;1; ; ; ; ; ; ; ;12;12; ; ; ; ; ; ; ; 
Considine, Craig;7;55;6;20;75;1;1; ; ; ; ; ; ;10;4; ; ; ; ; ; ; ; 
Williams, Peter;7;39;9;32;71;1; ; ; ; ; ; ; ;12;13; ; ; ; ; ; ; ; 
Ednie, Craig;7;30;15;39;69;3;2; ;12;3;6;13;6;8; ; ;39;32;3;4;16;2; 
Stephenson, Orren;7;27;18;38;65; ;1;149;15;4;3;15;10;2;5; ;34;31;5;1;21; ;2
Weller, Luke;7;39;25;25;64;3;5; ;9;4;14;3;11;2;4; ;26;34;5;6;19;2; 
Mattson, Don;7;30;11;20;50; ;2; ; ; ; ; ; ;7;7; ; ; ; ; ; ; ; 
Ferguson, John;7;35;6;12;47; ; ;2; ; ; ; ; ;5;4; ; ; ; ; ; ; ; 
Marsh, Ben;7;19;16;24;43;1; ;73;5;2;7;12;11;6;6; ;22;20;4;1;12; ; 
Cowie, Darryl;7;25;16;17;42;1; ;5;4; ; ; ; ;9;6;1; ; ; ; ; ; ; 
Knights, Chris;6;57;26;33;90;7;5;3;11;7;14;5;13;2;5; ;23;68;1;4;4; ;1
Martin, Geoff;6;52;9;38;90;3;1; ; ; ; ; ; ;11;10; ; ; ; ; ; ; ; 
Sutton, Darryl;6;42;20;36;78; ; ; ; ; ; ; ; ;20;15; ; ; ; ; ; ; ; 
Bowden, Sean;6;58;20;18;76; ;5; ;5; ; ; ; ;2;7; ; ; ; ; ; ; ; 
Young, Cory;6;48;9;25;73;1;3; ;15; ; ; ; ;11;12; ; ; ; ; ; ; ; 
Jackson, Francis;6;63;14;6;69; ;1; ; ; ; ; ; ;11;9; ; ; ; ; ; ; ; 
Conlan, Greg;6;41;18;20;61;3;1; ; ; ; ; ; ;2;3; ; ; ; ; ; ; ; 
Brewer, Ross;6;33;24;18;51;8;10;1; ; ; ; ; ;5;9; ; ; ; ; ; ; ; 
Grinter, Barry;6;28;13;22;50; ; ;1; ; ; ; ; ;13;7; ; ; ; ; ; ; ; 
Teasdale, Graham;6;40;24;10;50;16;7; ; ; ; ; ; ;12;8; ; ; ; ; ; ; ; 
Fletcher, Simon;6;23;9;23;46; ;1; ;12;6;7;10;4;3;1; ;22;24; ; ;8;1;1
Manfield, Matthew;6;15;5;15;30;2;4;2;2; ;3; ; ;1;2; ; ; ; ; ; ; ; 
Stockdale, Mark;6;20;14;7;27;2;3;9;6; ; ; ; ;5;11; ; ; ; ; ; ; ; 
Borchard, Ian;5;41;14;45;86;2;3; ; ; ; ; ; ;7;5; ; ; ; ; ; ; ; 
Parsons, Steve;5;54;11;19;73;1;1; ; ; ; ; ; ;6;17; ; ; ; ; ; ; ; 
Ablett, Kevin;5;59;15;13;72; ;1;1; ; ; ; ; ;11;10; ; ; ; ; ; ; ; 
Oborne, Rod;5;42;13;17;59;7;6; ; ; ; ; ; ;6;10; ; ; ; ; ; ; ; 
Eishold, Simon;5;40;10;19;59; ;2;1;3; ; ; ; ;6;4; ; ; ; ; ; ; ; 
Silvester, Jarrod;5;36;22;22;58; ; ; ;6;12;2; ;11;4;7; ;19;37;2; ;28; ; 
Walker, Robert;5;30;15;20;50; ; ;1;1; ; ; ; ;3; ; ; ; ; ; ; ; ; 
Miller, David;5;31;12;18;49;7;3; ; ; ; ; ; ;3;4; ; ; ; ; ; ; ; 
Morrison, Paul;5;41;10;8;49;2; ; ; ; ; ; ; ;5;7; ; ; ; ; ; ; ; 
ODwyer, Steven;5;20;16;27;47; ;1;41;1; ; ; ; ;8;8; ; ; ; ; ; ; ; 
Peters, Wayne;5;37;16;10;47;1;5; ;5; ; ; ; ;4;2; ; ; ; ; ; ; ; 
Semmens, Robert;5;22;3;14;36; ;1; ; ; ; ; ; ;7;3; ; ; ; ; ; ; ; 
Craig, Ian;5;29;3;5;34; ; ; ; ; ; ; ; ;5;2; ; ; ; ; ; ; ; 
Bayes, Gavin;5;24;10;8;32;2;2;1; ; ; ; ; ;5;4; ; ; ; ; ; ; ; 
Kershaw, Kim;5;19;9;13;32; ; ;52; ; ; ; ; ;8;6; ; ; ; ; ; ; ; 
Haynes, Ben;5;7;4;7;14; ;2; ;1; ;3;1;1; ; ; ;5;8; ; ; ; ; 
Thomson, Adam;4;26;9;34;60;1;1;2;18;2;12;15;2;8;2; ;28;31; ;2;8; ;1
Lockman, Michael;4;36;7;23;59; ; ; ; ; ; ; ; ;4;3; ; ; ; ; ; ; ; 
Gourdis, David;4;22;21;35;57; ; ; ;3;12;1; ;3;1;2; ;17;39;1; ;27;1; 
Townsend, Jacob;4;25;17;30;55; ; ;4;19;5;11;8;15;2;8; ;26;29;2; ;2; ; 
Fuller, Robert;4;41;6;13;54;1;1; ; ; ; ; ; ;5;5; ; ; ; ; ; ; ; 
Fox, Brad;4;32;6;21;53; ;1; ;7; ; ; ; ;10;4; ; ; ; ; ; ; ; 
Lovell, Noel;4;27;5;19;46; ;2; ; ; ; ; ; ;4;4; ; ; ; ; ; ; ; 
OReilly, Jamie;4;21;12;24;45; ; ; ;1;5;4;4;8;4;5; ;12;33; ; ;3;1;1
Larkins, Trevor;4;34;12;9;43;4;4;1; ; ; ; ; ;3;5; ; ; ; ; ; ; ; 
Barlow, Paul;4;29;7;9;38; ;1;1;5; ; ; ; ;6;6; ; ; ; ; ; ; ; 
Thompson, Ewan;4;28;7;9;37;1;1; ;7; ; ; ; ;6;2; ; ; ; ; ; ; ; 
Robins, Haydn;4;22;11;15;37;1;1; ;3; ; ; ; ;5;3; ; ; ; ; ; ; ; 
Taylor, Troy;4;24;12;9;33;3;5; ;14; ;8; ;8;2;3; ;14;19;2;3;3; ; 
Morrish, Paul;4;15;9;17;32; ;1; ;2; ; ; ; ; ;5; ; ; ; ; ; ; ; 
McGrath, Martin;4;20;9;11;31;6;3; ;4; ;4; ;2;1;1; ;14;14;3;4;2;1; 
McCormack, Peter;4;22;4;5;27; ; ; ; ; ; ; ; ;5;3; ; ; ; ; ; ; ; 
White, James;4;16;3;8;24;1;2; ; ; ;9; ;2;1;1; ;13;10;1;1;2;1; 
Trewella, Mark;4;16;10;8;24;4;3; ;1; ; ; ; ;3;3; ; ; ; ; ; ; ; 
Gwilliam, Brad;4;13;3;8;21; ; ; ;3; ; ; ; ;4;1; ; ; ; ; ; ; ; 
Smith, Anthony;4;15;3;6;21;1; ; ; ; ; ; ; ;4;7; ; ; ; ; ; ; ; 
Miles, Ian;4;15;2;4;19; ; ; ; ; ; ; ; ;2; ; ; ; ; ; ; ; ; 
Lounder, Richard;4;9;6;3;12;5;2;5; ; ; ; ; ;1;3; ; ; ; ; ; ; ; 
Bower, Darren;3;22;7;10;32;2;1; ;6; ; ; ; ;6;7; ; ; ; ; ; ; ; 
Kingsley, Kent;3;21;18;9;30;2;3; ;2; ;7; ;7; ;4; ;3;27; ;6; ; ;2
Deery, Maurie;3;19;5;4;23; ; ; ; ; ; ; ; ;1; ; ; ; ; ; ; ; ; 
Balme, Craig;3;15;4;4;19; ; ; ; ; ; ; ; ;6;1; ; ; ; ; ; ; ; 
Hudson, Paul;3;12;8;6;18;1;2; ;3; ;3;3;4;1;1; ;9;9;1;4;2; ; 
Hicks, Robert;3;11;6;7;18;1;2; ;6; ;3; ;1; ; ; ;9;9;1;1;1;1;4
McLeod, Mark;3;13;5;3;16; ;1;3; ; ; ; ; ;1;3; ; ; ; ; ; ; ; 
Baker, Ian;3;11;1;2;13; ;1; ; ; ; ; ; ;2;3; ; ; ; ; ; ; ; 
French, Lloyd;3;7;5;5;12;2; ;1; ; ; ; ; ;2; ; ; ; ; ; ; ; ; 
Slater, Adam;3;4;1;4;8;1; ; ; ; ; ; ; ;2;1; ; ; ; ; ; ; ; 
Teague, Barry;3;6; ;1;7;1;2; ; ; ; ; ; ;1;1; ; ; ; ; ; ; ; 
Barrot, Wes;3;5; ; ;5; ; ; ; ; ; ; ; ; ; ; ; ; ; ; ; ; ; 
Lynch, Alan;2;12;3;15;27;1;1; ; ; ; ; ; ;2;3; ; ; ; ; ; ; ; 
Broad, Nathan;2;15;7;11;26; ; ; ;3;2; ; ;3;2;2; ;11;18; ; ;10; ; 
Mahony, Brett;2;17;7;9;26; ; ; ; ; ; ; ; ; ;1; ; ; ; ; ; ; ; 
Buttifant, David;2;17;4;8;25; ; ; ;4; ; ; ; ;1;1; ; ; ; ; ; ; ; 
Mugavin, Noel;2;14;7;9;23;3; ; ; ; ; ; ; ;2;2; ; ; ; ; ; ; ; 
Castagna, Jason;2;13;4;10;23; ; ; ;3;3;4; ;5;1;1; ;10;15; ; ;3; ; 
Dintinosante, Renato;2;20; ;3;23; ; ; ;1; ; ; ; ;3;1; ; ; ; ; ; ; ; 
Lonergan, Sam;2;11;4;11;22; ; ; ;6;2;4;7;4;1;2; ;16;7; ; ; ;1;1
Dennis, Simon;2;14;6;8;22; ; ; ;4; ; ; ; ;1;5; ; ; ; ; ; ; ; 
Greenslade, Malcolm;2;21;12;1;22;7;3; ; ; ; ; ; ;3;6; ; ; ; ; ; ; ; 
Sutcliffe, Scott;2;11;5;6;17; ; ; ; ; ; ; ; ;1; ; ; ; ; ; ; ; ; 
Pitura, Mark;2;11;3;5;16; ;1; ;2; ; ; ; ; ; ; ; ; ; ; ; ; ; 
McBean, Liam;2;9;5;7;16; ;1; ;2; ; ;1;2;1;1; ;7;9;1;1;1; ; 
Roach, Stephen;2;7;4;9;16; ; ; ; ; ; ; ; ;3;3; ; ; ; ; ; ; ; 
Bain, Frank;2;6; ;9;15; ; ; ; ; ; ; ; ;3;4; ; ; ; ; ; ; ; 
MacIlwain, Geoff;2;7;1;7;14; ; ; ; ; ; ; ; ;4;2; ; ; ; ; ; ; ; 
Cartledge, Tristan;2;5; ;8;13;1; ;14;5; ;5;2;4;2;1; ;5;8; ; ;2; ;1
Derickx, Tom;2;5;2;8;13; ; ;13;5;1;3;1;4;2;2; ;9;4;1; ;7; ; 
Roberts, Relton;2;12;5;1;13; ;2; ;1;1;4;1;3; ;1; ;2;8;1; ; ;1; 
Keighran, Darren;2;6;4;7;13; ;1; ;1; ; ; ; ; ; ; ; ; ; ; ; ; ; 
Trotter, Barrie;2;10;1;3;13; ; ; ; ; ; ; ; ;3;2; ; ; ; ; ; ; ; 
Steele, Stuart;2;6;1;6;12; ; ; ;1; ; ; ; ; ;2; ; ; ; ; ; ; ; 
Simpson, David;2;10;3;1;11;1;4;1; ; ; ; ; ; ;4; ; ; ; ; ; ; ; 
Burke, Peter;2;8; ;2;10; ; ; ;3; ; ; ; ;2; ; ; ; ; ; ; ; ; 
Chivers, John;2;10;2; ;10; ;1; ; ; ; ; ; ;3;3; ; ; ; ; ; ; ; 
Elton, Todd;2;5;4;4;9; ;1; ;5;3;1; ;3; ;2; ;3;6;2; ;3;1; 
Wilson, Trevor;2;7;2;1;8;2; ; ; ; ; ; ; ;1;1; ; ; ; ; ; ; ; 
Kelly, Frank;2;7;1; ;7;1; ; ; ; ; ; ; ;1; ; ; ; ; ; ; ; ; 
Baldwin, Jason;2;5; ;1;6; ; ; ; ; ; ; ; ; ; ; ; ; ; ; ; ; ; 
Shinners, Brian;2;1; ; ;1; ; ; ; ; ; ; ; ; ;1; ; ; ; ; ; ; ; 
Nunan, Michael;1;13;1;8;21;3; ; ; ; ; ; ; ;4;2; ; ; ; ; ; ; ; 
Humm, Jeremy;1;9;3;5;14; ; ; ;1;1;3;2;4;1;1; ;5;10; ; ;1;1;1
Curran, Pat;1;8; ;3;11; ; ; ; ; ; ; ; ;1;1; ; ; ; ; ; ; ; 
Cross, Andrew;1;6;1;4;10; ; ; ; ; ; ; ; ;1; ; ; ; ; ; ; ; ; 
Moore, Andrew;1;6;2;3;9; ; ; ;4; ;2;1;3;2;2; ;2;8; ; ; ; ; 
Ross, Bradley;1;5; ;4;9; ; ; ; ; ; ; ; ;2;1; ; ; ; ; ; ; ; 
Smith, Jason;1;2; ;4;6; ; ; ; ; ; ; ; ; ;1; ; ; ; ; ; ; ; 
Pastore, Anthony;1;3;1;3;6; ; ; ;2; ; ; ; ;2; ; ; ; ; ; ; ; ; 
Jewell, Nick;1;4;1;1;5; ; ; ; ; ; ; ; ; ;1; ; ; ; ; ; ; ; 
Robertson, John;1;1; ;4;5; ; ; ; ; ; ; ; ; ; ; ; ; ; ; ; ; ; 
Drummond, Nathan;1;4;1;1;5; ; ; ;2; ;1; ;1; ; ; ;1;3; ; ; ;1; 
Tully, Russell;1;3;3;1;4; ; ; ; ; ; ; ; ;1;1; ; ; ; ; ; ; ; 
Donati, Daniel;1;1; ;2;3; ; ; ;1; ; ; ; ; ; ; ; ; ; ; ; ; ; 
Henry, David;1;2; ;1;3; ; ; ; ; ; ; ; ; ; ; ; ; ; ; ; ; ; 
Hunt, Tony;1;3;1; ;3; ;3; ; ; ; ; ; ; ;1; ; ; ; ; ; ; ; 
Oppy, Grant;1;2;1; ;2; ;1; ; ; ; ; ; ; ;1; ; ; ; ; ; ; ; 
Dunne, Jeff;1; ; ; ; ; ; ; ; ; ; ; ; ; ;1; ; ; ; ; ; ; ; 
Gehling, Bill;1; ; ; ; ; ; ; ; ; ; ; ; ; ;1; ; ; ; ; ; ; ; 
Jacks, David;1; ; ; ; ; ; ; ; ; ; ; ; ; ;2; ; ; ; ; ; ; ; 
Players in talics also appeared prior to 1965

Bartlett, Kevin;403;20.63;2.70;2.13;22.71;1.93;1.95;0.08; ; ; ; ; ;2.35;2.16;0.43; ; ; ; ; ; ; 
Bourke, Francis;300;13.88;3.51;4.29;18.17;0.24;0.19;0.13; ; ; ; ; ;2.42;2.36;0.50; ; ; ; ; ; ; 
Campbell, Wayne;297;14.39;4.19;8.93;23.32;0.58;0.40;0.25;2.00;2.24;4.06;4.54;1.61;1.25;1.01;0.24;8.24;14.04;0.49;0.52;1.65;0.82;0.54
Richardson, Matthew;282;10.93;8.05;3.12;14.05;2.84;1.95;0.32;0.48;0.26;3.22;0.18;2.76;1.10;1.41;0.50;7.15;7.90;2.77;3.84;1.36;0.18;0.69
Knights, Matthew;279;12.03;2.95;9.25;21.28;0.51;0.40;0.03;2.20;1.46;3.30;3.10;1.57;1.48;1.29;0.42;8.15;11.40;0.26;0.40;0.92;0.64; 
Weightman, Dale;274;10.79;2.19;9.99;20.77;1.26;0.97;0.02;1.53; ; ; ; ;2.53;1.82;0.19; ; ; ; ; ; ; 
Newman, Chris;268;10.68;4.50;5.26;15.94;0.21;0.20;0.01;2.49;2.90;1.92;0.86;1.41;0.66;0.45;0.06;4.78;10.45;0.36;0.15;2.74;0.90;0.29
Bowden, Joel;265;13.83;5.83;8.21;22.04;0.66;0.47;0.26;2.11;4.07;3.04;1.81;2.48;0.79;0.83;0.16;6.90;15.26;0.58;0.54;2.79;2.31;0.36
Sheedy, Kevin;251;13.37;3.43;4.68;17.98;0.36;0.35;0.10; ; ; ; ; ;3.09;1.79;0.27; ; ; ; ; ; ; 
Gale, Brendon;244;8.09;5.67;4.98;13.07;0.86;0.60;7.51;0.95;1.25;1.53;3.10;1.06;1.24;1.27;0.15;6.60;5.72;1.47;0.53;1.53;0.00; 
Deledio, Brett;241;12.24;5.36;10.61;22.85;0.76;0.58;0.33;2.82;2.27;4.05;2.35;2.05;0.80;0.52;0.32;7.78;14.61;0.56;0.64;1.73;2.18;0.49
Keane, Merv;238;10.93;2.70;4.76;15.63;0.15;0.23;0.04; ; ; ; ; ;2.17;1.43;0.02; ; ; ; ; ; ; 
Lee, Mark;233;7.03;3.85;6.51;13.55;0.40;0.25;18.47;0.83; ; ; ; ;2.11;3.09;0.25; ; ; ; ; ; ; 
Jess, Jim;223;8.76;4.36;3.89;12.65;0.78;0.58;0.89;0.37; ; ; ; ;1.27;1.47;0.19; ; ; ; ; ; ; 
Cloke, David;219;9.36;5.68;4.97;14.27;1.24;0.98;4.86;0.60; ; ; ; ;1.59;2.45;0.26; ; ; ; ; ; ; 
Clay, Dick;213;13.85;4.18;1.16;15.01;0.38;0.57;0.05; ; ; ; ; ;1.76;1.73;0.21; ; ; ; ; ; ; 
Wood, Bryan;209;11.56;3.75;5.25;16.73;0.41;0.40;0.05; ; ; ; ; ;1.89;2.11;0.29; ; ; ; ; ; ; 
Gaspar, Darren;207;6.39;3.28;5.18;11.57;0.11;0.04;0.21;1.28;2.43;0.77;0.46;1.20;1.00;0.66;0.16;4.70;6.08;0.70;0.12;2.37;0.24;0.06
Roach, Michael;200;9.10;5.23;2.38;11.48;3.04;1.55;1.92;0.35; ; ; ; ;0.96;1.55;0.19; ; ; ; ; ; ; 
Rogers, Matthew;197;11.11;3.88;3.38;14.49;0.83;0.73;0.01;1.37;1.77;2.77;0.88;1.33;0.51;0.87;0.07;3.56;9.36;0.33;0.94;1.08;0.29;0.22
Riewoldt, Jack;194;9.24;5.49;3.08;12.32;2.42;1.40;0.35;2.29;0.15;2.16;0.40;1.99;0.98;0.87;0.17;6.01;6.20;1.61;3.01;1.46;0.12;0.81
Tivendale, Greg;188;11.21;3.82;5.09;16.29;0.66;0.60;0.05;2.41;1.83;3.78;1.89;2.01;0.50;0.70;0.14;5.41;11.11;0.18;0.35;1.01;1.43;0.37
Hart, Royce;187;13.10;5.13;3.23;16.25;1.97;1.81;0.07; ; ; ; ; ;2.25;2.07;0.27; ; ; ; ; ; ; 
Edwards, Shane;181;7.99;2.68;8.29;16.29;0.69;0.60;0.08;2.91;0.90;2.53;2.51;2.17;0.70;0.83;0.05;7.45;8.83;0.30;0.52;1.19;0.53;0.61
Kellaway, Duncan;180;7.77;3.17;6.82;14.58;0.07;0.06;0.14;3.09;1.41;1.59;2.32;1.28;1.34;0.78;0.06;5.92;8.41;0.18;0.14;2.04;0.00;0.00
Tuck, Shane;173;11.41;4.52;11.98;23.39;0.43;0.32;1.09;3.69;1.65;3.46;4.63;2.65;0.95;0.99;0.20;10.68;12.82;0.40;0.27;1.56;0.20;0.33
Kellaway, Andrew;172;8.66;6.09;6.10;14.76;0.17;0.09;0.16;1.91;2.36;1.09;0.62;1.29;1.24;0.53;0.06;5.14;9.72;0.88;0.30;2.62;0.51;0.13
Broderick, Paul;169;10.01;2.58;9.30;19.31;0.53;0.37;0.05;2.22;1.00;2.33;3.44;0.87;0.74;0.76;0.28;5.52;7.76;0.16;0.50;0.74;0.47; 
Chaffey, Mark;166;10.98;4.39;4.93;15.90;0.20;0.17;0.00;1.39;2.46;2.48;1.05;1.60;0.39;0.49;0.06;5.23;11.92;0.51;0.27;1.66;0.64;0.17
Cotchin, Trent;165;14.47;3.59;9.39;23.86;0.58;0.52;0.27;3.66;1.73;3.66;4.87;2.84;1.84;0.95;0.62;11.03;12.59;0.31;0.44;1.24;0.53;0.58
Daffy, Nick;165;13.93;2.50;3.44;17.38;1.10;1.00;0.04;1.15;1.17;5.86;3.93;1.87;0.65;1.08;0.19;7.00;11.83;0.09;0.26;0.46;0.96; 
Balme, Neil;159;8.55;4.18;4.66;13.13;1.44;0.97;7.50; ; ; ; ; ;2.13;2.80;0.11; ; ; ; ; ; ; 
Dean, Roger;157;15.26;3.67;3.36;18.62;0.76;0.73;0.07; ; ; ; ; ;2.77;2.43;0.17; ; ; ; ; ; ; 
Jackson, Daniel;156;10.53;3.79;7.88;18.41;0.39;0.46;0.30;3.79;1.18;3.24;2.84;2.78;0.80;1.27;0.11;6.92;11.62;0.22;0.31;1.51;0.17;0.34
Foley, Nathan;154;9.32;2.56;11.05;20.37;0.29;0.25;0.05;4.18;1.30;2.86;3.82;2.47;0.81;1.01;0.16;8.61;11.97;0.05;0.12;0.88;1.74;0.51
Strachan, Greg;154;8.39;2.12;3.63;12.02;0.05;0.06;0.24;0.00; ; ; ; ;1.52;1.20;0.01; ; ; ; ; ; ; 
Rowlings, Barry;152;17.14;2.66;4.76;21.90;0.77;0.59;0.05; ; ; ; ; ;1.49;1.64;0.15; ; ; ; ; ; ; 
Green, Mike;146;8.37;5.57;3.13;11.42;0.57;0.25;9.04; ; ; ; ; ;1.44;1.60;0.17; ; ; ; ; ; ; 
Martin, Dustin;145;15.08;3.97;8.88;23.96;1.01;0.76;0.11;3.19;1.86;4.09;3.47;3.38;0.80;1.26;0.51;8.74;15.41;0.36;0.53;1.02;0.88;0.59
Hogg, Jeff;144;8.53;3.96;2.50;11.03;2.13;1.37;0.10;0.66; ; ; ; ;1.20;1.03;0.05; ; ; ; ; ; ; 
Turner, Scott;144;7.06;2.60;3.19;10.25;0.23;0.18;0.78;0.69;3.81;0.26;0.19;0.78;1.17;1.15;0.03;3.89;5.67;0.89;0.00;0.56;0.56; 
Naish, Chris;143;9.99;2.46;5.08;15.07;1.48;1.03;0.00;1.37; ; ; ; ;1.12;0.77;0.11; ; ; ; ; ; ; 
Rance, Alex;142;8.83;5.71;7.87;16.70;0.06;0.04;0.13;2.54;3.15;0.90;0.38;2.46;1.49;1.21;0.12;6.39;10.54;0.81;0.02;7.23;0.70;0.13
Pickering, Michael;136;11.24;6.41;6.87;18.11;1.18;0.93;0.04;0.86; ; ; ; ;1.71;1.43;0.14; ; ; ; ; ; ; 
Raines, Geoff;134;16.25;3.46;7.18;23.43;0.41;0.69;0.14; ; ; ; ; ;2.32;2.40;0.30; ; ; ; ; ; ; 
Free, Tony;133;16.47;2.83;4.13;20.59;0.35;0.44;0.08;1.41; ; ; ; ;2.17;1.74;0.12; ; ; ; ; ; ; 
Ottens, Brad;129;6.95;5.16;5.44;12.39;1.18;0.61;15.62;1.48;0.59;2.06;2.73;1.78;1.19;1.28;0.10;8.39;5.09;2.09;1.66;1.58;0.28;0.37
Egan, Phil;125;9.84;3.78;5.02;14.86;0.94;1.02;0.01;0.65; ; ; ; ;1.09;1.40;0.19; ; ; ; ; ; ; 
Richardson, Barry;125;9.86;4.27;1.53;11.39;1.07;0.54;0.03; ; ; ; ; ;1.89;1.57;0.09; ; ; ; ; ; ; 
Holland, Ben;125;6.46;3.97;4.40;10.86;0.99;0.54;1.54;1.38;1.07;1.56;1.26;1.29;0.92;1.03;0.05;6.90;5.60;1.83;1.18;1.30;0.09;0.22
Lambert, Craig;123;11.06;2.17;12.10;23.15;0.43;0.50;0.02;2.03; ; ; ; ;1.73;1.37;0.24; ; ; ; ; ; ; 
Malthouse, Mick;121;10.15;1.87;4.64;14.79;0.08;0.10;0.03; ; ; ; ; ;2.09;2.15;0.01; ; ; ; ; ; ; 
Landy, Graeme;120;10.37;3.69;4.88;15.25;0.32;0.21;0.24; ; ; ; ; ;1.65;1.59;0.17; ; ; ; ; ; ; 
Houli, Bachar;118;13.08;5.42;8.88;21.97;0.20;0.20;0.00;2.35;3.61;2.90;0.82;1.93;0.73;0.50;0.09;5.21;15.42;0.31;0.17;2.08;1.35;0.25
Rioli, Maurice;118;13.94;2.06;7.22;21.16;0.68;0.48;0.05;2.62; ; ; ; ;2.14;1.69;0.52; ; ; ; ; ; ; 
Monteath, Bruce;118;14.23;3.76;4.68;18.91;1.68;1.40;0.08; ; ; ; ; ;2.54;2.84;0.13; ; ; ; ; ; ; 
Torney, Jason;118;6.64;3.05;4.93;11.58;0.14;0.15;0.03;1.42;2.16;1.37;1.03;0.91;0.75;0.66;0.03;5.04;8.06;0.63;0.25;1.93;0.72; 
Grigg, Shaun;117;12.39;5.19;10.17;22.56;0.55;0.43;0.87;3.08;1.56;3.48;3.09;1.90;0.63;0.65;0.15;6.87;15.51;0.18;0.44;0.98;0.37;0.45
Johnson, Kane;116;12.38;5.48;9.34;21.72;0.28;0.21;0.12;2.84;2.10;3.35;3.01;2.01;1.13;0.66;0.19;6.68;15.17;0.12;0.24;1.28;0.31;0.53
Vickery, Ty;116;5.64;3.88;4.49;10.13;1.33;0.70;6.73;1.84;0.23;1.33;1.17;1.76;0.96;0.96;0.07;4.97;5.37;1.09;1.66;1.79;0.08;0.42
Bond, Graeme;115;11.47;1.83;2.01;13.48;0.53;0.72;0.01; ; ; ; ; ;1.31;1.73;0.08; ; ; ; ; ; ; 
Dunne, Emmett;115;8.47;3.94;4.04;12.51;0.49;0.53;4.21; ; ; ; ; ;1.64;2.04;0.10; ; ; ; ; ; ; 
Pettifer, Kayne;113;10.23;5.25;3.12;13.35;1.17;0.75;0.00;1.49;0.73;3.51;0.71;1.84;0.80;0.68;0.06;3.96;9.38;0.42;1.27;0.82;0.35;0.51
Hunt, Rex;113;10.34;5.80;1.09;11.42;1.07;1.09;0.65; ; ; ; ; ;1.36;1.41;0.35; ; ; ; ; ; ; 
Morris, Kevin;110;12.74;1.95;2.52;15.13;0.65;0.59;0.26; ; ; ; ; ;2.38;1.69;0.09; ; ; ; ; ; ; 
Leys, Brian;110;8.50;2.90;3.60;12.10;0.17;0.05;0.15;0.79; ; ; ; ;1.56;1.17;0.01; ; ; ; ; ; ; 
Tambling, Richard;108;8.62;4.68;6.31;14.93;0.56;0.51;0.18;2.91;0.91;2.45;1.33;1.82;0.71;0.58;0.08;4.88;10.22;0.37;0.60;1.28;0.87;0.42
King, Jake;107;8.11;3.93;5.84;13.95;0.74;0.43;0.02;2.77;1.08;2.35;1.04;2.56;1.49;1.49;0.04;5.90;8.39;0.24;0.49;1.93;0.93;0.61
White, Matt;105;7.68;3.44;4.58;12.26;0.51;0.31;0.04;3.22;0.94;2.68;1.24;1.72;0.55;0.89;0.02;4.31;8.09;0.17;0.27;1.70;0.96;0.45
McGuane, Luke;105;5.99;4.30;5.82;11.81;0.37;0.25;0.29;2.19;1.89;0.83;0.29;2.25;0.57;1.29;0.00;4.53;7.27;0.70;0.40;4.23;0.67;0.16
Palm, David;104;6.99;2.72;6.95;13.94;0.37;0.26;0.00;2.18; ; ; ; ;1.92;1.55;0.07; ; ; ; ; ; ; 
Ellis, Brandon;102;12.98;5.46;9.21;22.19;0.36;0.43;0.01;2.47;2.48;2.43;1.62;2.20;0.56;0.65;0.21;5.84;16.06;0.28;0.26;1.07;0.87;0.26
Krakouer, Andrew;102;6.52;2.42;3.59;10.11;1.00;0.59;0.03;2.97;0.33;1.75;1.82;1.48;0.93;0.58;0.02;5.28;4.77;0.19;0.56;1.06;0.33;0.44
Bond, Chris;100;10.11;2.04;4.82;14.93;0.32;0.29;0.02;2.28; ; ; ; ;1.64;1.32;0.24; ; ; ; ; ; ; 
Northey, John;100;11.12;2.20;3.40;14.52;1.72;1.90;0.08; ; ; ; ; ;1.70;1.54;0.06; ; ; ; ; ; ; 
Poole, Trevor;99;10.98;4.66;5.62;16.60;0.57;0.52;0.06;1.02; ; ; ; ;1.75;1.88;0.10; ; ; ; ; ; ; 
Brown, Billy;99;11.79;1.93;2.56;14.34;1.11;1.01;0.00; ; ; ; ; ;2.51;1.72;0.18; ; ; ; ; ; ; 
Hall, Ray;99;5.22;3.43;5.11;10.33;0.28;0.17;2.03;2.02;1.02;1.57;1.12;1.70;0.57;0.98;0.04;5.02;5.74;0.57;0.28;4.08;0.33;0.11
Bulluss, Paul;97;5.89;3.49;3.87;9.75;0.21;0.09;0.72;0.56;1.44;0.78;0.33;0.44;1.07;1.23;0.01; ; ; ; ; ; ; 
McKellar, Craig;96;6.36;3.18;2.45;8.72;0.26;0.32;10.86; ; ; ; ; ;1.68;1.05;0.25; ; ; ; ; ; ; 
Wiley, Robert;95;17.96;3.78;5.65;23.61;1.34;1.28;0.05; ; ; ; ; ;1.69;1.62;0.28; ; ; ; ; ; ; 
Simmonds, Troy;93;8.69;5.35;5.52;14.20;0.71;0.51;15.46;1.57;0.82;2.31;2.04;2.46;1.03;1.26;0.13;4.85;9.38;0.59;0.87;1.14;0.20;0.29
Hyde, Chris;93;7.34;4.27;6.43;13.77;0.42;0.26;0.02;2.06;0.85;2.34;1.41;1.63;0.67;0.82;0.09;4.19;9.95;0.04;0.22;1.08;1.09;0.24
Coughlan, Mark;92;10.12;4.29;9.52;19.64;0.42;0.37;0.11;3.79;1.24;3.03;3.51;2.16;1.03;0.78;0.32;8.53;11.50;0.41;0.28;1.27;0.58;0.34
Bower, Brendan;92;10.46;2.91;4.37;14.83;0.21;0.22;0.02;1.39; ; ; ; ;1.27;1.33;0.05; ; ; ; ; ; ; 
Gale, Michael;91;9.52;3.45;6.42;15.93;0.22;0.19;0.11;0.93;1.44;2.38;1.31;0.63;0.95;0.91;0.14; ; ; ; ; ; ; 
Prescott, Ashley;90;8.08;2.19;4.11;12.19;0.17;0.10;0.08;2.02;1.09;3.68;1.68;1.00;0.77;1.01;0.03; ; ; ; ; ; ; 
Maxfield, Stuart;89;10.33;1.88;2.91;13.24;0.73;0.67;0.01;1.84; ; ; ; ;0.63;0.98;0.07; ; ; ; ; ; ; 
Walsh, Wayne;88;13.82;2.36;2.91;16.53;0.34;0.42;0.00; ; ; ; ; ;2.12;1.62;0.03; ; ; ; ; ; ; 
Strang, Geoff;88;11.24;3.23;1.33;12.57;0.00;0.05;0.05; ; ; ; ; ;1.41;1.68;0.01; ; ; ; ; ; ; 
Cumming, Daryl;88;6.01;1.43;4.09;9.99;0.73;0.62;0.05; ; ; ; ; ;0.95;1.26;0.00; ; ; ; ; ; ; 
Tempany, Bruce;87;9.13;2.92;5.61;14.74;0.38;0.40;0.10; ; ; ; ; ;1.87;1.76;0.05; ; ; ; ; ; ; 
Moore, Kelvin;87;7.07;4.76;4.93;12.00;0.14;0.18;0.02;1.86;1.86;0.72;0.20;1.34;0.60;0.74;0.00;3.62;8.17;0.41;0.22;3.91;0.44;0.09
Sproule, Paul;86;12.42;1.51;4.34;16.57;1.08;1.06;0.07; ; ; ; ; ;1.56;1.73;0.08; ; ; ; ; ; ; 
Morris, Steven;86;5.49;2.59;6.29;11.78;0.14;0.07;0.00;2.34;1.19;1.15;0.48;1.59;0.91;0.80;0.00;4.41;7.60;0.22;0.15;2.87;0.38;0.21
Bourke, David;85;5.86;2.15;2.48;8.34;0.21;0.24;0.34;1.12;1.45;1.00;0.45;1.05;0.93;0.52;0.06;3.74;4.55;0.34;0.26;1.18;0.26; 
Cameron, Leon;84;11.43;3.96;4.36;15.79;0.48;0.27;0.02;1.07;2.96;2.94;0.82;1.20;0.48;0.29;0.21;3.67;11.56;0.23;0.32;0.92;1.21;0.33
Nahas, Robin;83;7.92;3.36;6.61;14.53;1.20;0.76;0.00;3.94;0.53;2.47;0.75;1.98;1.06;0.81;0.07;5.27;9.45;0.14;0.71;0.60;0.80;0.57
Batchelor, Jake;83;7.67;4.00;4.55;12.23;0.05;0.10;0.01;2.07;2.11;1.00;0.27;1.77;0.37;0.73;0.00;3.58;8.65;0.46;0.05;3.14;0.19;0.14
Brown, Nathan;82;13.55;5.55;5.52;19.07;1.74;1.34;0.00;1.65;1.37;3.48;1.74;2.33;0.70;0.59;0.22;5.85;13.01;0.44;1.74;0.78;1.71;0.71
Hilton, Rory;82;9.49;3.65;3.34;12.83;0.65;0.61;0.06;1.52;1.27;2.06;1.24;1.61;0.73;0.87;0.22;4.98;7.63;0.52;0.72;1.45;0.91;0.30
Mitchell, Michael;81;10.28;3.73;7.90;18.19;1.27;1.12;0.01;2.07; ; ; ; ;1.12;1.68;0.28; ; ; ; ; ; ; 
McGhie, Robert;81;7.36;2.56;2.98;10.33;0.00;0.03;0.13; ; ; ; ; ;1.28;1.82;0.13; ; ; ; ; ; ; 
Maric, Ivan;80;6.69;3.42;7.03;13.71;0.41;0.24;26.46;2.95;0.82;1.65;3.29;2.00;1.39;1.10;0.06;7.71;5.96;0.95;0.41;3.14;0.14;0.43
Moore, Eric;80;11.06;3.31;2.11;13.18;1.17;0.84;0.04; ; ; ; ; ;1.34;1.55;0.07; ; ; ; ; ; ; 
Barrot, Bill;79;20.30;4.82;2.63;22.94;0.96;1.03;0.14; ; ; ; ; ;2.09;2.66;0.43; ; ; ; ; ; ; 
Leech, Eric;79;5.72;2.22;2.17;7.78;0.00;0.01;0.02; ; ; ; ; ;1.36;1.36;0.00; ; ; ; ; ; ; 
Stewart, Ian;78;16.33;4.42;3.13;19.46;0.71;0.45;0.36; ; ; ; ; ;2.03;1.81;0.65; ; ; ; ; ; ; 
Roberts, Brian;78;6.85;4.44;3.03;9.87;0.44;0.31;13.21; ; ; ; ; ;1.78;2.88;0.15; ; ; ; ; ; ; 
Fiora, Aaron;78;6.38;3.58;3.44;9.82;0.32;0.29;0.17;1.18;1.31;1.91;0.59;1.37;0.51;0.56;0.00;3.33;6.74;0.29;0.42;1.59;1.14;0.21
Conca, Reece;77;10.38;3.70;7.52;17.90;0.27;0.35;0.04;3.44;1.56;2.58;2.34;2.83;0.99;1.44;0.04;6.21;11.06;0.13;0.19;1.14;0.66;0.35
James, Stephen;77;8.36;3.45;3.66;12.03;1.01;0.82;0.03;0.91; ; ; ; ;1.22;1.08;0.04; ; ; ; ; ; ; 
Thursfield, Will;77;3.87;3.05;5.27;9.14;0.00;0.05;0.01;1.45;1.53;0.34;0.18;1.39;0.47;0.96;0.00;2.79;6.19;0.35;0.03;5.96;0.30;0.03
Nichols, Trent;75;11.96;2.40;4.12;16.08;0.87;0.59;0.01;1.15;0.43;1.43;0.43;0.29;0.89;1.00;0.23; ; ; ; ; ; ; 
Chaplin, Troy;75;8.28;5.45;6.15;14.43;0.07;0.05;0.07;1.59;2.29;0.97;0.17;1.28;0.69;0.60;0.00;4.65;9.87;0.52;0.07;4.35;0.16;0.13
Tape, Jamie;75;8.37;3.45;4.64;13.01;0.05;0.05;0.05;1.63; ; ; ; ;1.00;1.00;0.07; ; ; ; ; ; ; 
Merenda, Mark;75;8.09;2.08;3.28;11.37;0.83;0.81;0.01;1.08;0.27;1.73;0.40;0.60;1.03;0.88;0.24;3.60;1.40;0.00;0.20;1.00;0.20; 
Harrison, Ben;74;10.28;3.78;4.47;14.76;0.53;0.39;0.35;1.00;1.74;2.64;1.20;1.26;0.57;0.46;0.07;4.82;9.25;0.71;0.29;0.46;0.37; 
Bower, Nathan;74;8.07;2.22;3.38;11.45;0.30;0.34;0.04;1.42;1.33;1.33;1.00;0.89;0.73;0.64;0.10; ; ; ; ; ; ; 
Stafford, Greg;74;5.92;4.20;3.73;9.65;1.12;0.43;10.34;1.19;0.62;1.38;1.91;1.77;0.92;1.09;0.12;5.24;4.49;1.30;1.32;1.23;0.03;0.38
Smith, Craig;72;10.76;3.35;4.94;15.71;0.32;0.28;0.01;1.12; ; ; ; ;1.14;1.17;0.07; ; ; ; ; ; ; 
Vlastuin, Nick;72;8.67;4.60;6.89;15.56;0.25;0.10;0.07;2.82;1.79;1.67;0.85;1.75;0.81;0.79;0.01;5.31;10.08;0.39;0.15;2.47;0.08;0.22
Jewell, Tony;71;10.82;3.35;2.14;12.96;0.15;0.20;0.20; ; ; ; ; ;0.97;1.55;0.00; ; ; ; ; ; ; 
Grimes, Dylan;71;6.32;3.79;5.00;11.32;0.03;0.01;0.00;2.00;1.56;0.66;0.21;1.73;0.86;0.92;0.00;3.93;7.23;0.48;0.04;4.59;0.15;0.01
Schulz, Jay;71;5.73;4.01;2.83;8.56;0.82;0.58;0.08;1.45;0.66;1.31;0.23;1.25;0.61;0.56;0.03;3.07;5.62;0.62;1.34;1.73;0.25;0.25
Patterson, Michael;69;10.12;2.86;2.04;12.16;0.70;0.62;17.57; ; ; ; ; ;2.57;3.68;0.12; ; ; ; ; ; ; 
Zantuck, Ty;68;6.47;3.38;4.93;11.40;0.29;0.18;0.03;1.43;2.50;0.81;0.59;1.44;0.51;0.65;0.00;4.10;7.22;0.53;0.25;2.49;0.46;0.14
Edwards, Allan;66;11.32;3.85;3.54;14.64;1.27;1.11;0.07; ; ; ; ; ;1.73;2.08;0.30; ; ; ; ; ; ; 
Boyanich, Ray;66;9.35;4.26;3.56;12.91;0.67;0.68;5.73; ; ; ; ; ;1.32;2.92;0.17; ; ; ; ; ; ; 
Annear, John;65;14.09;4.14;10.18;24.28;0.66;0.75;0.05; ; ; ; ; ;1.91;1.65;0.23; ; ; ; ; ; ; 
Rodan, David;65;6.11;2.12;3.98;10.09;0.66;0.38;0.02;2.12;0.62;2.37;1.68;1.23;0.37;0.40;0.02;5.23;5.00;0.22;0.28;1.23;2.25;0.40
Powell, Tim;64;9.13;3.66;5.48;14.61;0.63;0.75;0.02;0.41; ; ; ; ;0.86;0.86;0.19; ; ; ; ; ; ; 
Guinane, Paddy;63;9.13;5.27;1.22;10.35;2.24;1.76;1.80; ; ; ; ; ;1.21;2.11;0.13; ; ; ; ; ; ; 
Eustice, Mark;62;13.55;2.02;4.39;17.94;0.42;0.53;0.00;1.00; ; ; ; ;1.19;1.40;0.10; ; ; ; ; ; ; 
Pattison, Adam;61;4.41;3.85;6.57;10.98;0.25;0.16;6.92;2.15;0.67;1.36;1.43;1.72;0.90;0.80;0.00;4.03;7.07;0.30;0.33;1.95;0.25;0.31
Wall, Matthew;60;8.50;2.28;5.28;13.78;0.38;0.42;0.02; ; ; ; ; ;1.28;2.68;0.00; ; ; ; ; ; ; 
Burgin, Graham;60;9.67;2.35;1.77;11.43;0.00;0.02;0.03; ; ; ; ; ;0.93;1.95;0.09; ; ; ; ; ; ; 
Bowden, Michael;59;9.02;3.56;8.69;17.71;0.34;0.32;0.42; ; ; ; ; ;1.51;2.03;0.16; ; ; ; ; ; ; 
Pickering, Justin;59;11.31;3.61;5.61;16.92;0.92;0.66;0.05;1.05; ; ; ; ;1.05;1.63;0.03; ; ; ; ; ; ; 
Morton, Mitch;59;8.39;4.64;5.51;13.90;1.59;0.93;0.02;2.66;0.56;2.80;1.10;1.64;0.68;0.51;0.02;4.76;9.02;0.66;1.59;0.66;0.29;0.54
Manton, John;59;7.46;3.59;4.54;12.00;0.64;0.31;1.24;0.79; ; ; ; ;1.49;0.75;0.05; ; ; ; ; ; ; 
Ronaldson, John;59;6.00;2.41;1.46;7.46;0.56;0.53;7.17; ; ; ; ; ;1.25;1.00;0.04; ; ; ; ; ; ; 
King, Clinton;58;7.43;2.48;7.29;14.72;0.17;0.10;0.00;1.83;0.88;2.19;2.62;1.14;0.66;0.50;0.13;5.24;9.60;0.03;0.12;1.21;0.40;0.10
Lamb, Robert;58;12.48;2.97;2.03;14.52;2.07;1.50;0.00; ; ; ; ; ;1.29;1.45;0.16; ; ; ; ; ; ; 
Gepp, Tim;57;9.51;2.42;6.32;15.82;0.05;0.05;0.09; ; ; ; ; ;2.11;1.54;0.02; ; ; ; ; ; ; 
Clayton, Cameron;57;7.96;1.61;4.30;12.05;0.35;0.57;0.00; ; ; ; ; ;1.28;2.28;0.04; ; ; ; ; ; ; 
Griffiths, Ben;57;5.33;3.58;3.40;8.74;0.67;0.68;4.75;1.96;0.26;1.93;0.51;1.47;0.67;0.89;0.00;4.21;4.74;1.07;0.82;2.51;0.04;0.35
Jenkinson, Noel;57;4.95;1.65;1.81;6.75;0.00;0.00;0.02; ; ; ; ; ;1.26;0.79;0.09; ; ; ; ; ; ; 
Raines, Andrew;56;9.21;4.14;8.21;17.43;0.02;0.04;0.00;1.50;2.68;1.54;0.64;2.36;0.59;0.98;0.05;4.07;13.55;0.11;0.04;1.27;2.21;0.11
Polo, Dean;56;7.36;5.29;8.66;16.02;0.20;0.23;0.05;2.14;1.75;1.23;1.18;1.95;0.75;0.91;0.09;5.64;10.55;0.43;0.30;2.23;0.70;0.25
Smith, Terry;56;9.13;2.59;5.30;14.43;0.27;0.39;0.05; ; ; ; ; ;1.36;2.13;0.11; ; ; ; ; ; ; 
Powell, Robert;56;9.79;2.34;4.55;14.34;0.95;0.75;0.00;1.48;1.60;2.89;1.17;1.40;0.89;1.13;0.04;5.71;6.24;0.12;0.12;0.47;1.44; 
Ryan, Des;56;6.07;3.05;5.39;11.46;0.52;0.46;0.13;0.65; ; ; ; ;0.86;0.93;0.02; ; ; ; ; ; ; 
Goodwin, Andy;56;6.61;2.38;2.64;9.25;0.16;0.18;0.82;1.02; ; ; ; ;1.45;2.55;0.00; ; ; ; ; ; ; 
Honybun, David;55;7.98;4.78;2.62;10.60;0.71;0.69;5.00;0.47; ; ; ; ;1.02;1.35;0.24; ; ; ; ; ; ; 
Wilson, Peter;54;12.11;4.24;5.65;17.76;0.72;0.52;0.31;1.22; ; ; ; ;1.06;2.30;0.17; ; ; ; ; ; ; 
Charles, Justin;54;7.24;3.57;3.98;11.22;0.70;0.43;6.39;1.35;0.00;1.00;1.00;0.00;1.43;1.96;0.33; ; ; ; ; ; ; 
Heard, Bob;54;4.96;4.07;4.30;9.26;0.83;0.27;14.60; ; ; ; ; ;1.98;1.94;0.07; ; ; ; ; ; ; 
Young, Barry;53;8.32;2.57;6.17;14.49;0.43;0.51;0.08;2.04; ; ; ; ;1.68;1.26;0.09; ; ; ; ; ; ; 
Perry, Mike;53;8.55;3.00;1.91;10.45;0.11;0.08;0.84; ; ; ; ; ;1.17;1.49;0.12; ; ; ; ; ; ; 
Dear, Greg;53;5.08;1.94;3.43;8.51;0.17;0.09;9.77;1.00; ; ; ; ;1.66;1.64;0.02; ; ; ; ; ; ; 
Richardson, Alan;52;9.96;3.29;8.62;18.58;0.44;0.63;2.56; ; ; ; ; ;1.83;2.63;0.16; ; ; ; ; ; ; 
Francis, Peter;52;13.15;2.94;4.29;17.44;0.42;0.37;0.00; ; ; ; ; ;1.23;1.69;0.04; ; ; ; ; ; ; 
Astbury, David;52;6.38;3.81;4.65;11.04;0.15;0.12;0.06;1.56;1.58;0.58;0.25;1.02;0.69;0.37;0.00;3.79;7.33;0.48;0.06;3.94;0.17;0.10
Robertson, Graeme;51;6.18;2.25;3.94;10.12;0.02;0.02;0.50; ; ; ; ; ;1.42;1.60;0.06; ; ; ; ; ; ; 
Burton, Chris;50;14.58;2.72;3.84;18.42;0.16;0.32;0.00;0.93; ; ; ; ;1.52;0.98;0.04; ; ; ; ; ; ; 
Carter, Noel;50;11.42;1.80;3.96;15.38;1.10;1.08;0.17; ; ; ; ; ;2.49;1.66;0.04; ; ; ; ; ; ; 
Miles, Anthony;49;12.00;3.61;11.90;23.90;0.43;0.22;0.00;4.24;1.59;3.33;5.90;2.31;2.57;1.20;0.28;11.29;12.82;0.08;0.22;0.88;0.10;0.37
Banik, Anthony;49;9.57;2.14;4.20;13.78;0.00;0.06;0.00;0.86; ; ; ; ;1.10;0.73;0.02; ; ; ; ; ; ; 
Fowler, Laurie;49;8.69;2.73;1.02;9.71;0.14;0.08;0.03; ; ; ; ; ;2.41;1.12;0.11; ; ; ; ; ; ; 
Roberts, Neville;48;10.79;3.85;5.77;16.21;1.69;0.96;0.15; ; ; ; ; ;1.78;2.47;0.26; ; ; ; ; ; ; 
Graham, Angus;48;3.81;3.15;6.04;9.85;0.38;0.19;18.38;3.50;0.56;1.02;1.60;2.15;1.08;1.54;0.00;4.27;5.42;0.56;0.48;2.10;0.02;0.23
Dragicevic, Marc;48;5.10;1.90;3.13;8.23;0.52;0.35;0.04;0.94;0.38;1.65;0.81;0.88;0.31;0.29;0.02;3.31;5.17;0.17;0.44;0.31;0.17;0.00
Crowe, Neville;47;8.19;4.89;4.40;12.60;0.43;0.34;24.63; ; ; ; ; ;2.55;2.43;0.41; ; ; ; ; ; ; 
Davenport, Don;46;12.52;2.50;2.09;14.61;0.76;0.70;0.04; ; ; ; ; ;1.17;1.07;0.13; ; ; ; ; ; ; 
Welsh, Peter;46;9.20;1.74;3.74;12.93;0.98;0.70;0.00; ; ; ; ; ;1.09;2.39;0.12; ; ; ; ; ; ; 
Czerkaski, Peter;46;6.80;2.15;2.96;9.76;0.13;0.15;0.02;1.30; ; ; ; ;1.59;1.15;0.00; ; ; ; ; ; ; 
Edwards, Stuart;46;5.00;2.54;2.72;7.72;1.13;1.02;0.76;0.43; ; ; ; ;0.65;0.76;0.00; ; ; ; ; ; ; 
McKellar, Allan;45;10.33;3.11;6.71;17.04;0.33;0.31;0.00;1.18; ; ; ; ;2.64;1.44;0.33; ; ; ; ; ; ; 
Howat, John;45;6.36;2.67;3.42;9.78;0.04;0.04;0.27;0.56; ; ; ; ;0.93;0.87;0.07; ; ; ; ; ; ; 
Biddiscombe, Craig;44;8.34;3.50;4.41;12.75;0.16;0.09;0.07;1.16;1.52;2.27;0.93;1.16;0.57;0.57;0.00;4.36;8.59;0.27;0.07;1.11;0.53;0.13
Ryan, Stephen;43;10.58;4.93;6.47;17.05;0.91;0.79;0.02;0.70; ; ; ; ;1.02;1.30;0.09; ; ; ; ; ; ; 
Taylor, Brian;43;6.79;4.91;1.81;8.60;3.63;2.09;0.33; ; ; ; ; ;0.56;2.67;0.16; ; ; ; ; ; ; 
Thomson, Michael;42;9.69;2.71;6.79;16.48;0.36;0.21;0.02;0.93; ; ; ; ;0.98;1.05;0.02; ; ; ; ; ; ; 
Swift, Fred;42;10.79;4.05;0.55;11.33;0.40;0.64;0.25; ; ; ; ; ;1.76;1.62;0.13; ; ; ; ; ; ; 
Pitura, John;40;12.49;2.95;5.18;17.23;0.60;0.75;0.03; ; ; ; ; ;2.11;3.34;0.47; ; ; ; ; ; ; 
Walsh, Phil;40;10.57;3.63;6.57;17.15;0.35;0.43;0.10; ; ; ; ; ;2.13;1.27;0.05; ; ; ; ; ; ; 
Scrimshaw, Ian;40;11.18;2.20;2.80;13.98;0.65;0.69;0.10; ; ; ; ; ;1.13;1.69;0.00; ; ; ; ; ; ; 
Peart, Neil;40;8.52;3.03;3.47;12.00;0.22;0.13;0.40;0.25; ; ; ; ;1.58;1.42;0.22; ; ; ; ; ; ; 
McLean, Ricky;39;7.92;3.77;1.62;9.54;2.64;1.79;0.03; ; ; ; ; ;1.28;2.38;0.03; ; ; ; ; ; ; 
Hollick, Greg;38;14.84;3.08;1.34;16.18;0.50;0.45;0.14; ; ; ; ; ;1.61;1.89;0.09; ; ; ; ; ; ; 
Polak, Graham;38;8.16;6.87;5.97;14.13;0.42;0.45;1.92;1.55;1.87;1.45;0.76;1.37;0.79;0.53;0.16;5.11;9.03;1.26;0.92;3.21;0.29;0.37
Sziller, Steven;38;5.55;1.76;4.74;10.29;0.08;0.34;0.05;2.24;0.82;1.87;1.50;0.76;0.37;0.74;0.00;4.16;6.34;0.21;0.18;1.63;0.08; 
Dimattina, Frank;37;11.16;1.62;2.27;13.43;1.11;1.08;0.00; ; ; ; ; ;2.11;1.86;0.27; ; ; ; ; ; ; 
Sarah, Paul;37;8.89;2.41;1.97;10.86;1.38;1.03;0.00; ; ; ; ; ;1.14;1.38;0.14; ; ; ; ; ; ; 
Nixon, Richard;37;4.68;3.05;3.89;8.57;0.08;0.03;1.41;0.78; ; ; ; ;1.49;1.38;0.00; ; ; ; ; ; ; 
Stewart, Craig;35;7.40;3.63;5.00;12.40;0.09;0.11;2.14; ; ; ; ; ;1.43;0.91;0.03; ; ; ; ; ; ; 
Hartigan, Brent;35;7.20;2.71;4.26;11.46;0.09;0.14;0.06;1.51;1.71;1.60;0.63;1.57;0.37;0.60;0.00;3.91;7.40;0.14;0.14;1.80;2.06;0.29
McMahon, Jordan;34;13.53;5.47;8.18;21.71;0.26;0.32;0.00;1.97;3.38;2.76;1.03;2.18;0.44;0.62;0.06;3.56;17.82;0.06;0.26;1.62;1.59;0.32
McQueen, Mark;34;8.53;3.15;4.62;13.15;0.41;0.62;0.26;0.53; ; ; ; ;1.06;0.74;0.00; ; ; ; ; ; ; 
Lloyd, Sam;34;7.47;3.82;4.53;12.00;1.41;0.62;0.00;2.62;0.18;2.06;0.53;1.71;0.74;0.74;0.00;4.65;7.32;0.47;1.32;0.50;0.12;0.29
Fleming, Tim;34;6.03;2.76;5.09;11.12;0.29;0.32;0.18;2.32;0.94;2.21;1.59;1.88;0.88;0.88;0.00;4.82;6.74;0.18;0.24;1.56;0.18;0.15
Vardy, Royce;34;3.97;1.97;3.00;6.97;0.09;0.15;1.00;1.00;1.62;0.47;0.65;0.71;0.62;0.21;0.00;3.35;3.71;0.47;0.18;1.53;0.00;0.20
Beard, Colin;33;10.58;4.12;1.45;12.03;0.00;0.00;0.09; ; ; ; ; ;1.67;1.52;0.03; ; ; ; ; ; ; 
Erwin, Mick;33;9.15;4.09;1.79;10.94;1.12;1.00;0.19; ; ; ; ; ;1.55;1.70;0.00; ; ; ; ; ; ; 
Houlihan, Adam;33;7.82;3.85;2.76;10.58;0.73;0.70;0.03;1.18;0.91;1.91;0.82;1.15;0.73;0.27;0.00;3.64;6.76;0.52;1.00;1.15;0.39;0.20
Owen, Ian;33;6.67;1.36;1.73;8.39;0.00;0.00;0.12; ; ; ; ; ;1.03;1.21;0.00; ; ; ; ; ; ; 
Cousins, Ben;32;9.69;3.44;13.25;22.94;0.38;0.28;0.00;2.91;1.94;2.44;3.22;1.81;1.00;0.41;0.22;7.81;15.34;0.09;0.25;0.94;0.63;0.41
Hunt, Taylor;32;9.63;5.19;7.69;17.31;0.03;0.06;0.03;2.00;2.03;1.41;0.72;2.22;0.59;0.84;0.13;4.22;13.59;0.06;0.00;1.44;0.38;0.34
Martello, Alan;32;9.38;2.19;2.53;11.91;0.09;0.19;3.19; ; ; ; ; ;2.31;2.06;0.07; ; ; ; ; ; ; 
Cameron, Barry;31;11.77;3.03;3.19;14.97;0.29;0.29;0.29; ; ; ; ; ;1.84;1.19;0.26; ; ; ; ; ; ; 
Mount, Stephen;31;7.35;2.84;4.81;12.16;0.29;0.39;0.48; ; ; ; ; ;1.74;1.74;0.03; ; ; ; ; ; ; 
Andrews, Gareth;31;10.20;4.53;2.07;11.87;0.03;0.10;0.00; ; ; ; ; ;1.20;1.43;0.00; ; ; ; ; ; ; 
Dea, Matt;31;5.26;3.35;6.10;11.35;0.03;0.00;0.00;1.84;1.32;0.77;0.23;1.23;0.58;0.39;0.00;4.19;7.32;0.32;0.00;2.29;0.06;0.03
Petterd, Ricky;30;10.93;5.70;6.60;17.53;0.57;0.33;0.17;3.17;2.03;2.87;1.53;2.27;0.97;0.63;0.00;6.07;11.87;0.47;0.70;2.37;0.37;0.20
Smith, Kevin;30;9.27;3.60;2.27;11.53;0.00;0.00;0.09; ; ; ; ; ;1.27;2.47;0.23; ; ; ; ; ; ; 
Post, Jayden;30;5.27;4.07;5.10;10.37;0.20;0.27;1.03;1.10;1.40;1.00;0.37;1.53;0.43;0.70;0.00;3.47;6.87;0.87;0.53;3.27;0.23;0.10
Ryan, Damien;30;6.50;1.70;2.17;8.67;0.20;0.10;0.00;1.20;1.30;1.40;0.60;0.30;0.73;0.43;0.00; ; ; ; ; ; ; 
James, Aaron;30;5.80;2.67;2.40;8.20;0.63;0.43;0.53;0.63;2.30;0.87;0.27;0.87;0.40;0.37;0.00;3.57;4.43;0.57;0.57;0.48;0.17; 
Allford, Grant;30;6.17;2.17;1.77;7.93;0.03;0.10;0.07; ; ; ; ; ;1.60;1.10;0.00; ; ; ; ; ; ; 
Connors, Daniel;29;11.31;5.41;6.41;17.72;0.38;0.24;0.00;1.79;2.14;2.24;0.62;2.66;0.76;0.83;0.10;4.90;13.21;0.38;0.28;1.24;0.52;0.34
McIntosh, Kamdyn;29;10.86;4.28;5.03;15.90;0.28;0.31;0.00;2.55;2.45;2.41;1.07;2.45;0.66;0.83;0.07;4.69;10.97;0.17;0.31;1.62;0.59;0.48
Hamilton, Greg;29;5.34;1.62;3.17;8.52;0.59;0.59;0.00;0.72; ; ; ; ;0.72;0.66;0.00; ; ; ; ; ; ; 
Lennon, Bruce;28;7.29;3.00;6.18;13.46;0.25;0.04;0.00;1.07; ; ; ; ;1.14;1.39;0.00; ; ; ; ; ; ; 
Farmer, Mitch;28;6.86;3.00;5.54;12.39;0.29;0.32;0.00;2.18;2.00;1.54;0.71;1.54;0.43;0.57;0.00;4.50;7.61;0.18;0.25;2.36;0.14;0.11
Evans, Brett;28;5.14;3.07;4.57;9.71;0.93;0.46;0.14;1.64;0.46;1.77;0.81;0.62;0.75;0.93;0.00;3.82;2.91;0.82;0.91;0.45;0.00; 
Notting, Dean;28;5.75;2.43;2.79;8.54;0.61;0.64;0.00;0.77; ; ; ; ;0.82;0.86;0.11; ; ; ; ; ; ; 
Cloke, Peter;28;5.68;2.29;1.29;6.96;0.14;0.14;0.00; ; ; ; ; ;0.64;0.86;0.07; ; ; ; ; ; ; 
Thorpe, David;27;14.81;2.12;5.00;19.07;0.89;0.77;0.14; ; ; ; ; ;2.20;3.32;0.24; ; ; ; ; ; ; 
Williams, Shane;27;7.85;2.93;4.04;11.89;0.52;0.41;0.22; ; ; ; ; ;1.52;1.89;0.00; ; ; ; ; ; ; 
Sampson, Clay;27;7.07;1.70;1.74;8.81;0.67;0.63;0.00;1.56;0.41;3.07;0.33;0.70;0.78;0.85;0.00;4.11;4.52;0.11;0.44;0.63;0.27; 
Hampson, Shaun;27;2.93;2.26;4.85;7.78;0.11;0.30;29.22;1.15;0.37;1.04;1.56;2.00;1.15;1.15;0.00;4.33;3.78;0.78;0.41;2.96;0.00;0.15
Funcke, Ross;27;4.11;1.33;2.48;6.59;0.04;0.19;0.00;0.78;0.83;0.50;0.33;0.67;0.37;0.30;0.00;2.57;3.57;0.14;0.14;1.14;0.00; 
Clark, Simon;27;4.00;1.89;2.41;6.41;0.22;0.33;3.89;1.00; ; ; ; ;1.04;1.52;0.00; ; ; ; ; ; ; 
Bottams, Phillip;26;7.00;1.62;4.31;11.31;0.15;0.00;0.04; ; ; ; ; ;1.46;0.81;0.00; ; ; ; ; ; ; 
Laffy, Michael;26;4.08;2.81;5.69;9.77;0.00;0.00;0.23;0.96; ; ; ; ;1.23;0.50;0.00; ; ; ; ; ; ; 
McMillan, Marty;26;6.65;1.12;1.69;8.35;0.50;0.65;0.04; ; ; ; ; ;1.12;1.35;0.00; ; ; ; ; ; ; 
Neeld, Mark;26;3.04;1.04;1.46;4.50;0.62;0.31;0.19;0.73; ; ; ; ;0.31;0.81;0.00; ; ; ; ; ; ; 
Bowden, Patrick;25;13.20;8.24;6.24;19.44;0.60;0.48;0.16;1.32;4.20;1.80;0.44;2.12;0.60;0.36;0.24;4.00;15.00;0.48;0.60;2.36;1.60;0.36
Collins, Andrew;25;7.92;3.80;8.64;16.56;0.92;0.40;0.16;3.40;1.16;2.68;1.28;2.32;0.56;1.00;0.00;4.92;11.56;0.36;0.48;1.28;0.36;0.32
Lambert, Kane;25;8.44;3.20;6.64;15.08;0.56;0.52;0.00;3.00;0.96;2.68;1.96;2.12;0.56;0.92;0.00;6.16;8.84;0.08;0.68;0.84;0.08;0.56
Breman, Todd;25;7.84;3.04;4.20;12.04;0.96;0.76;0.04;0.68; ; ; ; ;0.68;0.68;0.08; ; ; ; ; ; ; 
Keays, Terry;25;8.68;3.68;2.88;11.56;1.16;0.72;0.04;0.60; ; ; ; ;1.04;0.96;0.00; ; ; ; ; ; ; 
Laughlin, Peter;25;7.28;2.48;2.36;9.64;1.84;0.92;0.00; ; ; ; ; ;1.38;1.46;0.09; ; ; ; ; ; ; 
Perry, John;24;11.04;2.96;1.96;13.00;0.04;0.33;0.10; ; ; ; ; ;1.50;1.54;0.00; ; ; ; ; ; ; 
Pym, Chris;24;8.33;2.71;4.17;12.50;0.54;0.42;0.00;1.08; ; ; ; ;0.75;0.83;0.00; ; ; ; ; ; ; 
Warner, Ross;24;8.38;2.92;2.38;10.75;0.92;0.96;0.78; ; ; ; ; ;1.17;1.08;0.04; ; ; ; ; ; ; 
Miller, Brad;24;5.71;4.54;4.67;10.38;1.29;0.79;1.08;2.17;0.21;1.83;0.21;1.63;1.00;0.92;0.00;4.04;6.54;0.79;1.75;2.00;0.00;0.67
Busse, Neil;24;7.58;3.25;0.83;8.42;0.08;0.17;0.13; ; ; ; ; ;1.04;0.67;0.04; ; ; ; ; ; ; 
Moore, Ben;24;4.96;1.21;2.04;7.00;0.46;0.46;0.00;1.04;0.25;1.75;1.33;0.42;0.63;0.75;0.00;4.67;3.50;0.33;0.50;0.33;0.00; 
Shinners, Kevin;23;9.17;2.96;2.22;11.39;0.00;0.00;0.04; ; ; ; ; ;1.13;1.43;0.00; ; ; ; ; ; ; 
Nason, Ben;23;7.13;3.26;4.17;11.30;0.74;0.26;0.00;2.35;0.65;2.48;0.17;1.43;0.83;0.61;0.00;3.43;8.04;0.09;0.35;1.04;0.61;0.22
Dickeson, Wilf;23;8.65;1.74;0.61;9.26;0.00;0.00;0.00; ; ; ; ; ;1.22;0.96;0.13; ; ; ; ; ; ; 
McKenna, Michael;22;10.55;1.41;6.18;16.73;0.45;0.27;0.00; ; ; ; ; ;1.86;1.32;0.14; ; ; ; ; ; ; 
Hogan, Peter;22;11.73;1.23;1.59;13.32;1.32;1.32;0.00; ; ; ; ; ;2.27;1.36;0.23; ; ; ; ; ; ; 
Howat, Cameron;21;10.86;4.76;4.05;14.90;0.48;0.24;0.00;1.67;1.05;2.81;0.90;1.71;0.29;0.62;0.00;2.38;12.52;0.00;0.14;1.62;2.19;0.43
Jackson, Stevan;21;8.95;3.95;4.38;13.33;1.43;0.71;0.86;1.33; ; ; ; ;1.29;2.00;0.10; ; ; ; ; ; ; 
Gordon, Nathan;21;6.76;3.71;4.14;10.90;0.86;0.57;0.00;1.90;0.38;2.43;0.19;2.10;0.52;0.95;0.00;4.10;7.14;0.19;0.90;0.62;0.38;0.24
Knobel, Trent;21;2.57;2.52;4.81;7.38;0.19;0.24;16.24;1.62;0.29;1.00;0.90;2.10;0.86;1.24;0.00;3.00;4.48;0.43;0.48;2.38;0.05;0.10
Rae, Stephen;20;8.25;1.65;4.25;12.50;0.55;0.70;0.00; ; ; ; ; ;1.20;1.90;0.00; ; ; ; ; ; ; 
Peardon, Derek;20;8.80;1.80;2.45;11.25;0.05;0.10;0.00; ; ; ; ; ;1.65;1.15;0.00; ; ; ; ; ; ; 
Graham, Mark;20;6.50;3.20;4.65;11.15;0.10;0.00;0.60;0.85;1.70;1.60;0.65;1.65;0.65;0.65;0.00;4.50;6.15;0.45;0.10;3.15;0.00;0.15
Hislop, Tom;20;5.00;3.30;5.65;10.65;0.50;0.40;0.05;2.50;0.50;1.55;0.90;2.65;0.85;1.70;0.00;4.45;6.50;0.30;0.50;1.55;0.00;0.60
Hernaman, Wayne;20;7.65;1.50;2.80;10.45;0.45;0.50;0.00;1.05; ; ; ; ;1.20;1.20;0.00; ; ; ; ; ; ; 
McKee, Steven;20;3.30;1.95;3.50;6.80;0.05;0.05;4.75;0.80;0.55;1.25;1.25;0.45;0.55;0.20;0.00;4.54;3.31;0.85;0.08;0.69;0.00; 
Proctor, Lionel;20;3.75;1.45;1.55;5.30;0.20;0.05;0.00;1.20;0.60;0.65;0.55;0.80;0.20;0.60;0.00;2.35;3.29;0.18;0.12;0.88;0.06; 
Gaunt, Graham;19;9.89;2.37;5.26;15.16;0.42;0.58;0.95; ; ; ; ; ;1.21;2.42;0.26; ; ; ; ; ; ; 
Gowers, Trevor;19;12.32;2.63;1.11;13.42;0.11;0.00;0.00; ; ; ; ; ;1.00;0.95;0.00; ; ; ; ; ; ; 
Francis, Matthew;19;8.95;2.89;3.16;12.11;0.68;0.63;0.11;0.47; ; ; ; ;1.05;1.00;0.00; ; ; ; ; ; ; 
Menegola, Todd;19;8.53;2.95;3.42;11.95;0.68;0.95;0.05;0.89; ; ; ; ;0.58;0.68;0.00; ; ; ; ; ; ; 
Scott, Allister;19;6.47;2.68;4.32;10.79;0.53;0.47;0.26;1.16; ; ; ; ;1.74;0.79;0.00; ; ; ; ; ; ; 
Blumfield, Justin;19;4.58;2.58;4.58;9.16;0.26;0.05;0.16;1.00;0.47;1.32;1.11;0.89;0.53;0.26;0.00;4.05;5.47;0.32;0.16;1.16;0.11;0.32
Sartori, Ian;18;10.00;3.33;4.67;14.67;0.39;0.61;0.11; ; ; ; ; ;1.61;2.22;0.00; ; ; ; ; ; ; 
Preston, Andy;18;7.33;1.94;6.33;13.67;0.33;0.39;0.00; ; ; ; ; ;1.94;3.33;0.06; ; ; ; ; ; ; 
Geary, Richard;18;8.50;2.72;4.83;13.33;0.56;0.50;0.00; ; ; ; ; ;1.17;1.00;0.00; ; ; ; ; ; ; 
Naylor, Greg;18;7.06;1.94;3.44;10.50;0.22;0.47;0.00; ; ; ; ; ;0.94;1.41;0.00; ; ; ; ; ; ; 
Lennon, Ben;18;7.50;4.61;2.72;10.22;0.44;0.39;0.00;0.89;0.28;2.00;0.22;1.39;0.72;0.33;0.00;3.39;7.17;0.61;0.72;1.17;0.00;0.72
Plapp, Justin;18;4.78;3.44;2.72;7.50;1.22;0.39;0.00;0.83;0.22;1.28;0.28;0.67;0.61;0.94;0.06;3.80;2.70;1.60;1.30;0.70;0.00; 
Jurica, Stephen;18;4.44;2.44;1.94;6.39;1.39;1.22;0.94;0.56; ; ; ; ;0.61;1.00;0.00; ; ; ; ; ; ; 
Collins, Dennis;17;10.47;2.29;5.06;15.53;0.12;0.53;0.12; ; ; ; ; ;1.35;1.76;0.31; ; ; ; ; ; ; 
Gahan, Graeme;17;13.29;2.12;1.47;14.76;0.00;0.00;0.15; ; ; ; ; ;2.06;1.71;0.06; ; ; ; ; ; ; 
Murphy, Ted;17;11.29;3.59;2.06;13.35;0.06;0.00;0.59; ; ; ; ; ;1.12;1.29;0.29; ; ; ; ; ; ; 
Ellis, Corey;17;6.88;2.59;5.82;12.71;0.24;0.24;0.00;2.53;2.12;1.06;0.76;1.24;0.47;0.12;0.00;3.24;8.71;0.24;0.29;0.35;0.06;0.24
Freame, Daryl;17;7.00;0.76;4.65;11.65;0.29;0.25;0.13; ; ; ; ; ;1.69;1.56;0.14; ; ; ; ; ; ; 
Frangalas, Gary;17;8.71;3.35;2.76;11.47;0.12;0.24;0.00;0.64; ; ; ; ;1.76;1.12;0.18; ; ; ; ; ; ; 
Griffiths, Stuart;17;5.71;1.76;5.76;11.47;0.82;0.53;0.00;0.76; ; ; ; ;0.59;0.65;0.06; ; ; ; ; ; ; 
Meyer, Danny;17;4.88;2.00;3.06;7.94;0.41;0.24;0.00;1.76;0.41;1.65;0.41;1.24;0.53;0.65;0.00;3.35;4.71;0.12;0.29;1.00;0.12;0.24
Ablett, Geoff;16;13.50;2.88;2.88;16.38;0.75;1.06;0.00; ; ; ; ; ;1.19;1.88;0.06; ; ; ; ; ; ; 
McKenzie, Des;16;11.38;2.06;2.19;13.56;0.00;0.00;0.00; ; ; ; ; ;1.63;2.50;0.13; ; ; ; ; ; ; 
Menadue, Connor;16;4.88;2.56;6.38;11.25;0.38;0.25;0.00;2.69;0.63;1.25;0.81;1.63;0.69;0.50;0.00;3.69;8.00;0.06;0.13;0.88;0.19;0.31
Webberley, Jeromey;16;6.75;2.94;4.31;11.06;0.19;0.06;0.00;1.63;1.25;1.63;0.81;0.94;0.31;0.56;0.00;3.00;8.06;0.13;0.00;0.50;0.06;0.13
Helbig, Brad;16;5.19;2.63;4.06;9.25;0.25;0.19;0.00;1.56;0.69;1.06;0.25;1.44;0.75;0.38;0.00;2.81;6.38;0.13;0.19;0.38;0.19;0.13
Hammond, Mike;16;7.13;2.00;1.44;8.56;0.31;0.50;0.80; ; ; ; ; ;0.56;0.88;0.00; ; ; ; ; ; ; 
Madigan, Owen;16;7.88;1.81;0.63;8.50;0.06;0.06;0.00; ; ; ; ; ;0.94;1.13;0.00; ; ; ; ; ; ; 
Nugent, Michael;16;4.81;1.88;2.94;7.75;0.13;0.13;4.06; ; ; ; ; ;1.19;1.06;0.00; ; ; ; ; ; ; 
Hughes, Cleve;16;4.31;3.25;2.38;6.69;1.44;0.81;0.13;0.81;0.25;0.63;0.06;0.81;0.88;0.19;0.00;2.63;4.13;0.50;1.31;0.38;0.06;0.06
McInnes, George;16;4.06;1.69;1.50;5.56;0.38;0.69;6.63; ; ; ; ; ;0.94;2.25;0.00; ; ; ; ; ; ; 
Thomas, Matt;15;6.13;3.87;14.20;20.33;0.40;0.00;0.07;5.53;0.53;1.73;4.00;3.27;1.00;2.33;0.00;9.67;11.47;0.20;0.20;1.60;0.00;0.60
Nettlefold, Bill;15;8.07;1.33;4.00;12.07;0.40;0.33;0.20; ; ; ; ; ;1.20;2.27;0.00; ; ; ; ; ; ; 
Hewitt, Glynn;15;6.47;1.80;3.13;9.60;1.00;0.73;0.00; ; ; ; ; ;1.13;1.20;0.00; ; ; ; ; ; ; 
Sheahan, John;15;8.87;2.13;0.73;9.60;0.73;1.13;0.00; ; ; ; ; ;0.73;0.93;0.00; ; ; ; ; ; ; 
Summers, Mark;15;7.27;4.87;2.20;9.47;0.27;0.33;1.80;0.47; ; ; ; ;0.60;1.07;0.00; ; ; ; ; ; ; 
Smythe, Keith;15;7.33;1.07;1.07;8.40;0.53;0.87;0.00; ; ; ; ; ;0.60;0.93;0.00; ; ; ; ; ; ; 
Taubert, Steven;15;5.40;2.60;1.27;6.67;0.93;0.87;5.78; ; ; ; ; ;1.14;0.79;0.00; ; ; ; ; ; ; 
Herman, Ian;14;10.00;1.71;6.57;16.57;0.43;0.71;0.14;0.93; ; ; ; ;1.29;1.43;0.00; ; ; ; ; ; ; 
Brown, Mal;14;7.00;2.86;6.50;13.50;1.79;1.21; ; ; ; ; ; ;1.50;2.79;0.00; ; ; ; ; ; ; 
Wigney, Stuart;14;7.64;3.57;3.79;11.43;0.07;0.14;0.29;0.36; ; ; ; ;0.79;0.36;0.36; ; ; ; ; ; ; 
Thompson, Murray;14;8.00;1.57;2.93;10.93;0.21;0.21;0.00; ; ; ; ; ;2.08;1.54;0.00; ; ; ; ; ; ; 
Barling, Tim;14;5.79;3.71;4.93;10.71;0.07;0.14;8.14; ; ; ; ; ;1.36;2.93;0.14; ; ; ; ; ; ; 
Dundas, Matthew;14;7.57;1.79;3.07;10.64;0.36;0.29;0.00;1.00; ; ; ; ;1.00;0.79;0.00; ; ; ; ; ; ; 
Blurton, Ashley;14;6.14;2.64;4.43;10.57;0.50;0.50;0.00;0.79;0.64;1.79;0.93;0.57;0.43;0.64;0.00;4.00;8.43;0.29;0.86;0.86;0.00; 
Nalder, Bill;14;4.57;2.21;1.43;6.00;0.36;0.50;2.93; ; ; ; ; ;0.86;2.50;0.00; ; ; ; ; ; ; 
Mills, Andrew;14;3.57;1.57;1.50;5.07;0.36;0.21;0.00;0.21;0.14;1.14;0.14;0.43;0.29;0.21;0.00;2.00;3.14;0.07;0.36;0.64;0.29;0.00
Waterson, Colin;13;9.00;2.92;6.85;15.85;0.69;0.77;0.92; ; ; ; ; ;1.85;0.85;0.00; ; ; ; ; ; ; 
Hywood, Steve;13;8.38;1.54;3.08;11.46;0.00;0.00;0.25; ; ; ; ; ;1.62;3.46;0.00; ; ; ; ; ; ; 
Foley, Dan;13;5.31;3.38;5.69;11.00;0.69;0.46;1.23; ; ; ; ; ;1.08;2.69;0.08; ; ; ; ; ; ; 
Rombotis, John;13;3.31;1.54;4.92;8.23;0.15;0.23;0.08;0.69;0.38;1.54;1.69;1.08;0.62;0.23;0.00;5.25;4.25;0.13;0.13;1.25;0.00; 
Oakley-Nicholls, Jarrad;13;5.54;4.69;2.08;7.62;0.08;0.08;0.00;1.23;0.38;1.15;0.31;2.15;0.15;0.77;0.00;1.77;6.15;0.15;0.62;1.15;0.69;0.15
Robbins, Graham;13;5.85;1.38;1.62;7.46;0.69;0.92;0.08; ; ; ; ; ;1.00;1.15;0.00; ; ; ; ; ; ; 
Lovett, Wally;13;4.00;1.23;2.77;6.77;0.46;0.62;0.00; ; ; ; ; ;0.85;0.77;0.00; ; ; ; ; ; ; 
Underwood, Andrew;12;10.67;2.17;5.08;15.75;0.33;0.25;0.08;0.92; ; ; ; ;0.50;1.25;0.17; ; ; ; ; ; ; 
Edwards, Aaron;12;8.58;5.83;5.08;13.67;1.25;0.92;0.00;2.00;0.50;2.50;0.25;1.67;1.00;0.50;0.18;6.00;7.58;1.25;2.17;1.67;0.00;0.58
Roberts, Michael;12;9.92;0.75;2.42;12.33;0.33;0.17;0.00; ; ; ; ; ;1.42;1.58;0.25; ; ; ; ; ; ; 
Shand, Wayne;12;8.92;2.25;3.08;12.00;0.08;0.08;0.00; ; ; ; ; ;1.42;0.67;0.00; ; ; ; ; ; ; 
Esler, Ty;12;4.58;3.75;6.58;11.17;0.00;0.17;9.92;0.67; ; ; ; ;1.25;2.42;0.00; ; ; ; ; ; ; 
Browne, Andrew;12;1.50;2.00;7.08;8.58;0.17;0.08;15.33;1.58;0.33;0.42;1.67;2.33;1.25;1.58;0.00;4.67;4.17;0.50;0.33;2.17;0.00;0.17
Stonehouse, Ken;12;4.83;1.75;2.58;7.42;0.33;0.33;0.09; ; ; ; ; ;1.64;0.91;0.00; ; ; ; ; ; ; 
Ball, Ray;12;5.92;1.75;1.33;7.25;0.00;0.00;0.00; ; ; ; ; ;0.83;1.17;0.00; ; ; ; ; ; ; 
Murphy, Justin;12;4.67;1.75;1.42;6.08;0.75;1.33;0.00;0.33; ; ; ; ;0.58;1.00;0.00; ; ; ; ; ; ; 
Wallace, Terry;11;15.55;2.73;9.00;24.55;0.64;0.73;0.00;1.73; ; ; ; ;2.27;1.64;0.27; ; ; ; ; ; ; 
Einsiedel, John;11;8.18;2.45;4.64;12.82;0.09;0.30;0.20; ; ; ; ; ;2.00;1.90;0.00; ; ; ; ; ; ; 
Thomas, Ron;11;8.73;1.91;2.27;11.00;0.00;0.00;0.09; ; ; ; ; ;1.09;2.00;0.00; ; ; ; ; ; ; 
McMillan, Geoff;11;7.55;2.55;3.36;10.91;0.45;0.64;0.00; ; ; ; ; ;1.18;1.18;0.00; ; ; ; ; ; ; 
Schaefer, Robert;11;6.55;3.18;3.91;10.45;0.27;0.45;8.00;0.18; ; ; ; ;1.00;0.91;0.00; ; ; ; ; ; ; 
Dickson, Glenn;11;7.73;2.73;2.00;9.73;0.91;1.30;0.20; ; ; ; ; ;1.50;1.40;0.00; ; ; ; ; ; ; 
Pirrie, Stephen;11;6.45;2.64;2.18;8.64;0.00;0.00;0.36; ; ; ; ; ;1.18;1.55;0.00; ; ; ; ; ; ; 
Roach, Tom;11;4.36;1.00;2.91;7.27;0.09;0.09;0.00;0.91;0.91;0.91;0.55;0.82;0.18;0.00;0.00;1.91;5.18;0.09;0.00;0.64;0.09;0.36
Tschirpig, Bruce;10;10.80;2.60;3.10;13.90;1.20;1.00;0.00; ; ; ; ; ;2.00;1.70;0.60; ; ; ; ; ; ; 
Rolfe, Michael;10;9.20;1.00;4.40;13.60;0.40;0.90;0.00; ; ; ; ; ;1.20;3.50;0.00; ; ; ; ; ; ; 
Davidson, Garry;10;8.40;3.60;5.20;13.60;0.90;0.60;0.10; ; ; ; ; ;0.90;2.10;0.00; ; ; ; ; ; ; 
Betts, Gerald;10;8.10;2.40;3.50;11.60;0.00;0.10;0.33; ; ; ; ; ;1.30;1.40;0.00; ; ; ; ; ; ; 
McDonough, Matt;10;6.40;2.10;4.40;10.80;0.10;0.20;0.00;2.10;2.10;1.70;0.80;1.10;0.40;0.60;0.00;3.20;7.60;0.20;0.10;1.70;1.10;0.10
Noonan, Alan;10;7.10;4.40;3.20;10.30;1.40;1.50;0.00; ; ; ; ; ;0.70;1.70;0.00; ; ; ; ; ; ; 
Berry, Jeff;10;6.50;1.90;3.50;10.00;0.00;0.30;0.00; ; ; ; ; ;1.80;1.00;0.00; ; ; ; ; ; ; 
Beale, Darryl;10;9.00;3.20;0.90;9.90;0.00;0.00;0.00; ; ; ; ; ;0.70;1.70;0.00; ; ; ; ; ; ; 
Winton, Brian;10;7.50;2.50;2.30;9.80;0.30;0.50;0.10; ; ; ; ; ;0.90;1.20;0.00; ; ; ; ; ; ; 
Rioli, Daniel;10;4.30;1.50;4.80;9.10;0.60;0.50;0.00;3.00;0.30;1.60;0.20;2.10;1.00;0.70;0.00;4.00;5.50;0.10;0.50;0.70;0.60;0.60
Nicholls, Bill;10;4.90;3.00;3.50;8.40;0.20;0.50;0.00;0.80;0.20;1.90;1.20;1.40;0.30;0.40;0.00;3.00;5.40;0.40;0.60;1.10;0.00;0.20
Maric, Addam;10;4.00;1.50;4.30;8.30;0.10;0.20;0.00;1.80;0.30;1.10;0.00;1.40;0.20;0.30;0.00;2.10;6.10;0.10;0.10;0.40;0.30;0.50
Beckwith, Bill;10;5.60;0.80;0.60;6.20;0.80;0.80;0.00; ; ; ; ; ;0.80;0.80;0.00; ; ; ; ; ; ; 
Vernon, Daryl;9;8.44;1.00;3.67;12.11;0.33;0.78;0.00; ; ; ; ; ;1.33;1.11;0.33; ; ; ; ; ; ; 
Elliott, Jamie;9;6.89;2.22;5.11;12.00;0.11;0.00;0.00;1.00; ; ; ; ;0.22;0.78;0.00; ; ; ; ; ; ; 
Hummel, Jon;9;8.56;2.89;3.22;11.78;0.78;0.86;0.00; ; ; ; ; ;1.57;1.86;0.00; ; ; ; ; ; ; 
Arnot, Matt;9;5.11;2.00;5.22;10.33;0.56;0.56;0.00;4.11;0.56;1.67;1.11;1.78;1.00;0.67;0.00;5.44;5.22;0.11;0.44;1.11;0.00;0.22
OHanlon, Brett;9;4.67;2.67;3.33;8.00;0.22;0.56;0.00;1.56;0.00;1.78;0.22;0.78;0.44;0.22;0.00;1.67;6.56;0.11;0.22;0.56;0.11;0.11
Poyas, Ezra;9;3.89;1.67;2.00;5.89;0.67;0.11;0.00;0.56;0.33;1.44;0.11;1.11;0.11;0.33;0.00;1.89;3.78;0.33;0.44;0.89;0.67; 
Livingstone, Tim;8;10.75;2.50;2.88;13.63;0.13;0.25;0.00;1.88; ; ; ; ;2.50;1.00;0.00; ; ; ; ; ; ; 
Thornton, Ron;8;8.88;1.88;3.25;12.13;0.75;0.38;0.00; ; ; ; ; ;0.75;0.75;0.00; ; ; ; ; ; ; 
Mrakov, John;8;7.50;2.88;3.88;11.38;0.00;0.13;0.13;0.50; ; ; ; ;1.38;1.00;0.00; ; ; ; ; ; ; 
Short, Jayden;8;9.00;3.75;1.50;10.50;0.75;0.38;0.00;2.13;1.63;1.75;0.25;1.75;0.75;1.13;0.00;3.13;7.25;0.13;0.50;1.25;0.38;0.25
Campbell, Blair;8;9.13;1.88;1.25;10.38;1.50;1.00;0.00; ; ; ; ; ;1.63;1.13;0.25; ; ; ; ; ; ; 
Morrison, Shane;8;5.75;4.75;4.50;10.25;0.38;0.13;0.50;0.88;0.25;1.38;0.13;0.75;0.88;0.25;0.00;2.50;7.88;0.25;0.38;3.00;0.00;0.38
Murrie, Richard;8;6.13;1.63;3.88;10.00;0.00;0.00;0.13; ; ; ; ; ;2.50;0.63;0.00; ; ; ; ; ; ; 
Sullivan, Chris;8;3.88;1.00;3.13;7.00;0.50;0.25;0.00;1.00; ; ; ; ;0.25;0.88;0.00; ; ; ; ; ; ; 
Walford, Bill;8;6.00;1.25;0.75;6.75;0.13;0.00;0.00; ; ; ; ; ;0.88;0.75;0.00; ; ; ; ; ; ; 
Hollands, Ben;8;3.50;2.13;1.75;5.25;0.63;0.00;0.00;0.63;0.38;1.63;0.88;0.63;0.25;0.13;0.00;2.38;3.25;0.25;0.75;1.25;0.00; 
Orchard, Ray;8;3.13;1.25;0.50;3.63;0.25;0.25;0.13; ; ; ; ; ;0.13;0.13;0.00; ; ; ; ; ; ; 
Thiessen, James;7;11.86;3.00;4.86;16.71;0.43;1.14;0.00;0.57; ; ; ; ;0.71;0.86;0.00; ; ; ; ; ; ; 
Crebbin, Tom;7;10.14;2.57;5.00;15.14;0.43;0.57;0.00; ; ; ; ; ;1.43;0.71;0.00; ; ; ; ; ; ; 
Judd, Wayne;7;11.57;2.29;2.29;13.86;1.29;1.14;0.14; ; ; ; ; ;3.71;3.71;0.14; ; ; ; ; ; ; 
Feltham, Paul;7;10.71;1.71;2.57;13.29;1.14;0.33;0.00; ; ; ; ; ;1.33;1.00;0.00; ; ; ; ; ; ; 
Parkes, Gary;7;9.57;2.00;2.71;12.29;0.86;0.43;0.00; ; ; ; ; ;1.71;1.71;0.00; ; ; ; ; ; ; 
Miels, Brenton;7;10.00;2.29;1.86;11.86;0.14;0.00;0.00; ; ; ; ; ;1.71;1.71;0.00; ; ; ; ; ; ; 
Considine, Craig;7;7.86;0.86;2.86;10.71;0.14;0.14;0.00; ; ; ; ; ;1.43;0.57;0.00; ; ; ; ; ; ; 
Williams, Peter;7;5.57;1.29;4.57;10.14;0.14;0.00;0.00; ; ; ; ; ;1.71;1.86;0.00; ; ; ; ; ; ; 
Ednie, Craig;7;4.29;2.14;5.57;9.86;0.43;0.29;0.00;1.71;0.43;0.86;1.86;0.86;1.14;0.00;0.00;5.57;4.57;0.43;0.57;2.29;0.29; 
Stephenson, Orren;7;3.86;2.57;5.43;9.29;0.00;0.14;21.29;2.14;0.57;0.43;2.14;1.43;0.29;0.71;0.00;4.86;4.43;0.71;0.14;3.00;0.00;0.29
Weller, Luke;7;5.57;3.57;3.57;9.14;0.43;0.71;0.00;1.29;0.57;2.00;0.43;1.57;0.29;0.57;0.00;3.71;4.86;0.71;0.86;2.71;0.29;0.00
Mattson, Don;7;4.29;1.57;2.86;7.14;0.00;0.29;0.00; ; ; ; ; ;1.00;1.00;0.00; ; ; ; ; ; ; 
Ferguson, John;7;5.00;0.86;1.71;6.71;0.00;0.00;0.29; ; ; ; ; ;0.71;0.57;0.00; ; ; ; ; ; ; 
Marsh, Ben;7;2.71;2.29;3.43;6.14;0.14;0.00;10.43;0.71;0.29;1.00;1.71;1.57;0.86;0.86;0.00;3.14;2.86;0.57;0.14;1.71;0.00;0.00
Cowie, Darryl;7;3.57;2.29;2.43;6.00;0.14;0.00;0.71;1.00; ; ; ; ;1.29;0.86;0.14; ; ; ; ; ; ; 
Knights, Chris;6;9.50;4.33;5.50;15.00;1.17;0.83;0.50;1.83;1.17;2.33;0.83;2.17;0.33;0.83;0.00;3.83;11.33;0.17;0.67;0.67;0.00;0.17
Martin, Geoff;6;8.67;1.50;6.33;15.00;0.50;0.17;0.00; ; ; ; ; ;1.83;1.67;0.00; ; ; ; ; ; ; 
Sutton, Darryl;6;7.00;3.33;6.00;13.00;0.00;0.00;0.00; ; ; ; ; ;3.33;2.50;0.00; ; ; ; ; ; ; 
Bowden, Sean;6;9.67;3.33;3.00;12.67;0.00;0.83;0.00;0.83; ; ; ; ;0.33;1.17;0.00; ; ; ; ; ; ; 
Young, Cory;6;8.00;1.50;4.17;12.17;0.17;0.50;0.00;2.50; ; ; ; ;1.83;2.00;0.00; ; ; ; ; ; ; 
Jackson, Francis;6;10.50;2.33;1.00;11.50;0.00;0.17;0.00; ; ; ; ; ;1.83;1.50;0.00; ; ; ; ; ; ; 
Conlan, Greg;6;6.83;3.00;3.33;10.17;0.50;0.17;0.00; ; ; ; ; ;0.33;0.50;0.00; ; ; ; ; ; ; 
Brewer, Ross;6;5.50;4.00;3.00;8.50;1.33;1.67;0.17; ; ; ; ; ;0.83;1.50;0.00; ; ; ; ; ; ; 
Grinter, Barry;6;4.67;2.17;3.67;8.33;0.00;0.00;0.17; ; ; ; ; ;2.17;1.17;0.00; ; ; ; ; ; ; 
Teasdale, Graham;6;6.67;4.00;1.67;8.33;2.67;1.17;0.00; ; ; ; ; ;2.00;1.33;0.00; ; ; ; ; ; ; 
Fletcher, Simon;6;3.83;1.50;3.83;7.67;0.00;0.17;0.00;2.00;1.00;1.17;1.67;0.67;0.50;0.17;0.00;3.67;4.00;0.00;0.00;1.33;0.17;0.17
Manfield, Matthew;6;2.50;0.83;2.50;5.00;0.33;0.67;0.33;0.33;0.00;0.75;0.00;0.00;0.17;0.33;0.00; ; ; ; ; ; ; 
Stockdale, Mark;6;3.33;2.33;1.17;4.50;0.33;0.50;1.50;1.00; ; ; ; ;0.83;1.83;0.00; ; ; ; ; ; ; 
Borchard, Ian;5;8.20;2.80;9.00;17.20;0.40;0.60;0.00; ; ; ; ; ;1.40;1.00;0.00; ; ; ; ; ; ; 
Parsons, Steve;5;10.80;2.20;3.80;14.60;0.20;0.20; ; ; ; ; ; ;1.20;3.40;0.00; ; ; ; ; ; ; 
Ablett, Kevin;5;11.80;3.00;2.60;14.40;0.00;0.20;0.20; ; ; ; ; ;2.20;2.00;0.00; ; ; ; ; ; ; 
Oborne, Rod;5;8.40;2.60;3.40;11.80;1.40;1.20;0.00; ; ; ; ; ;1.20;2.00;0.00; ; ; ; ; ; ; 
Eishold, Simon;5;8.00;2.00;3.80;11.80;0.00;0.40;0.20;0.60; ; ; ; ;1.20;0.80;0.00; ; ; ; ; ; ; 
Silvester, Jarrod;5;7.20;4.40;4.40;11.60;0.00;0.00;0.00;1.20;2.40;0.40;0.00;2.20;0.80;1.40;0.00;3.80;7.40;0.40;0.00;5.60;0.00;0.00
Walker, Robert;5;6.00;3.00;4.00;10.00;0.00;0.00;0.20;0.20; ; ; ; ;0.60;0.00;0.00; ; ; ; ; ; ; 
Miller, David;5;6.20;2.40;3.60;9.80;1.40;0.75;0.00; ; ; ; ; ;0.75;1.00;0.00; ; ; ; ; ; ; 
Morrison, Paul;5;8.20;2.00;1.60;9.80;0.40;0.00;0.00; ; ; ; ; ;1.00;1.40;0.00; ; ; ; ; ; ; 
ODwyer, Steven;5;4.00;3.20;5.40;9.40;0.00;0.20;8.20;0.20; ; ; ; ;1.60;1.60;0.00; ; ; ; ; ; ; 
Peters, Wayne;5;7.40;3.20;2.00;9.40;0.20;1.00;0.00;1.00; ; ; ; ;0.80;0.40;0.00; ; ; ; ; ; ; 
Semmens, Robert;5;4.40;0.60;2.80;7.20;0.00;0.20;0.00; ; ; ; ; ;1.40;0.60;0.00; ; ; ; ; ; ; 
Craig, Ian;5;5.80;0.60;1.00;6.80;0.00;0.00;0.00; ; ; ; ; ;1.00;0.40;0.00; ; ; ; ; ; ; 
Bayes, Gavin;5;4.80;2.00;1.60;6.40;0.40;0.40;0.20;0.00; ; ; ; ;1.00;0.80;0.00; ; ; ; ; ; ; 
Kershaw, Kim;5;3.80;1.80;2.60;6.40;0.00;0.00;10.40; ; ; ; ; ;1.60;1.20;0.00; ; ; ; ; ; ; 
Haynes, Ben;5;1.40;0.80;1.40;2.80;0.00;0.40;0.00;0.20;0.00;0.60;0.20;0.20;0.00;0.00;0.00;1.00;1.60;0.00;0.00;0.00;0.00; 
Thomson, Adam;4;6.50;2.25;8.50;15.00;0.25;0.25;0.50;4.50;0.50;3.00;3.75;0.50;2.00;0.50;0.00;7.00;7.75;0.00;0.50;2.00;0.00;0.25
Lockman, Michael;4;9.00;1.75;5.75;14.75;0.00;0.00;0.00; ; ; ; ; ;1.00;0.75;0.00; ; ; ; ; ; ; 
Gourdis, David;4;5.50;5.25;8.75;14.25;0.00;0.00;0.00;0.75;3.00;0.25;0.00;0.75;0.25;0.50;0.00;4.25;9.75;0.25;0.00;6.75;0.25;0.00
Townsend, Jacob;4;6.25;4.25;7.50;13.75;0.00;0.00;1.00;4.75;1.25;2.75;2.00;3.75;0.50;2.00;0.00;6.50;7.25;0.50;0.00;0.50;0.00;0.00
Fuller, Robert;4;10.25;1.50;3.25;13.50;0.25;0.25;0.00; ; ; ; ; ;1.25;1.25;0.00; ; ; ; ; ; ; 
Fox, Brad;4;8.00;1.50;5.25;13.25;0.00;0.25;0.00;1.75; ; ; ; ;2.50;1.00;0.00; ; ; ; ; ; ; 
Lovell, Noel;4;6.75;1.25;4.75;11.50;0.00;0.50;0.00; ; ; ; ; ;1.00;1.00;0.00; ; ; ; ; ; ; 
OReilly, Jamie;4;5.25;3.00;6.00;11.25;0.00;0.00;0.00;0.25;1.25;1.00;1.00;2.00;1.00;1.25;0.00;3.00;8.25;0.00;0.00;0.75;0.25;0.25
Larkins, Trevor;4;8.50;3.00;2.25;10.75;1.00;1.00;0.25; ; ; ; ; ;0.75;1.25;0.00; ; ; ; ; ; ; 
Barlow, Paul;4;7.25;1.75;2.25;9.50;0.00;0.25;0.25;1.25; ; ; ; ;1.50;1.50;0.00; ; ; ; ; ; ; 
Thompson, Ewan;4;7.00;1.75;2.25;9.25;0.25;0.25;0.00;1.75; ; ; ; ;1.50;0.50;0.00; ; ; ; ; ; ; 
Robins, Haydn;4;5.50;2.75;3.75;9.25;0.25;0.25;0.00;0.75; ; ; ; ;1.25;0.75;0.00; ; ; ; ; ; ; 
Taylor, Troy;4;6.00;3.00;2.25;8.25;0.75;1.25;0.00;3.50;0.00;2.00;0.00;2.00;0.50;0.75;0.00;3.50;4.75;0.50;0.75;0.75;0.00;0.00
Morrish, Paul;4;3.75;2.25;4.25;8.00;0.00;0.25;0.00;0.67; ; ; ; ;0.00;1.25;0.00; ; ; ; ; ; ; 
McGrath, Martin;4;5.00;2.25;2.75;7.75;1.50;0.75;0.00;1.00;0.00;1.00;0.00;0.50;0.25;0.25;0.00;3.50;3.50;0.75;1.00;0.50;0.25;0.00
McCormack, Peter;4;5.50;1.00;1.25;6.75;0.00;0.00;0.00; ; ; ; ; ;1.25;0.75;0.00; ; ; ; ; ; ; 
White, James;4;4.00;0.75;2.00;6.00;0.25;0.50;0.00;0.00;0.00;2.25;0.00;0.50;0.25;0.25;0.00;3.25;2.50;0.25;0.25;0.50;0.25; 
Trewella, Mark;4;4.00;2.50;2.00;6.00;1.00;0.75;0.00;0.25; ; ; ; ;0.75;0.75;0.00; ; ; ; ; ; ; 
Gwilliam, Brad;4;3.25;0.75;2.00;5.25;0.00;0.00;0.00;0.75; ; ; ; ;1.00;0.25;0.00; ; ; ; ; ; ; 
Smith, Anthony;4;3.75;0.75;1.50;5.25;0.25;0.00;0.00; ; ; ; ; ;1.00;1.75;0.00; ; ; ; ; ; ; 
Miles, Ian;4;3.75;0.50;1.00;4.75;0.00;0.00;0.00; ; ; ; ; ;0.50;0.00;0.00; ; ; ; ; ; ; 
Lounder, Richard;4;2.25;1.50;0.75;3.00;1.25;0.50;1.25;0.00; ; ; ; ;0.25;0.75;0.00; ; ; ; ; ; ; 
Bower, Darren;3;7.33;2.33;3.33;10.67;0.67;0.33;0.00;2.00; ; ; ; ;2.00;2.33;0.00; ; ; ; ; ; ; 
Kingsley, Kent;3;7.00;6.00;3.00;10.00;0.67;1.00;0.00;0.67;0.00;2.33;0.00;2.33;0.00;1.33;0.00;1.00;9.00;0.00;2.00;0.00;0.00;0.67
Deery, Maurie;3;6.33;1.67;1.33;7.67;0.00;0.00; ; ; ; ; ; ;0.33;0.00;0.00; ; ; ; ; ; ; 
Balme, Craig;3;5.00;1.33;1.33;6.33;0.00;0.00;0.00; ; ; ; ; ;2.00;0.33;0.00; ; ; ; ; ; ; 
Hudson, Paul;3;4.00;2.67;2.00;6.00;0.33;0.67;0.00;1.00;0.00;1.00;1.00;1.33;0.33;0.33;0.00;3.00;3.00;0.33;1.33;0.67;0.00; 
Hicks, Robert;3;3.67;2.00;2.33;6.00;0.33;0.67;0.00;2.00;0.00;1.00;0.00;0.33;0.00;0.00;0.00;3.00;3.00;0.33;0.33;0.33;0.33;1.33
McLeod, Mark;3;4.33;1.67;1.00;5.33;0.00;0.33;1.00;0.00; ; ; ; ;0.33;1.00;0.00; ; ; ; ; ; ; 
Baker, Ian;3;3.67;0.33;0.67;4.33;0.00;0.33;0.00; ; ; ; ; ;0.67;1.00;0.00; ; ; ; ; ; ; 
French, Lloyd;3;2.33;1.67;1.67;4.00;0.67;0.00;0.33; ; ; ; ; ;0.67;0.00;0.00; ; ; ; ; ; ; 
Slater, Adam;3;1.33;0.33;1.33;2.67;0.33;0.00;0.00;0.00; ; ; ; ;0.67;0.33;0.00; ; ; ; ; ; ; 
Teague, Barry;3;2.00;0.00;0.33;2.33;0.33;0.67;0.00; ; ; ; ; ;0.33;0.33;0.00; ; ; ; ; ; ; 
Barrot, Wes;3;1.67;0.00;0.00;1.67;0.00;0.00;0.00; ; ; ; ; ;0.00;0.00;0.00; ; ; ; ; ; ; 
Lynch, Alan;2;6.00;1.50;7.50;13.50;0.50;0.50;0.00; ; ; ; ; ;1.00;1.50;0.00; ; ; ; ; ; ; 
Broad, Nathan;2;7.50;3.50;5.50;13.00;0.00;0.00;0.00;1.50;1.00;0.00;0.00;1.50;1.00;1.00;0.00;5.50;9.00;0.00;0.00;5.00;0.00;0.00
Mahony, Brett;2;8.50;3.50;4.50;13.00;0.00;0.00;0.00;0.00; ; ; ; ;0.00;0.50;0.00; ; ; ; ; ; ; 
Buttifant, David;2;8.50;2.00;4.00;12.50;0.00;0.00;0.00;2.00; ; ; ; ;0.50;0.50;0.00; ; ; ; ; ; ; 
Mugavin, Noel;2;7.00;3.50;4.50;11.50;1.50;0.00;0.00; ; ; ; ; ;1.00;1.00;0.00; ; ; ; ; ; ; 
Castagna, Jason;2;6.50;2.00;5.00;11.50;0.00;0.00;0.00;1.50;1.50;2.00;0.00;2.50;0.50;0.50;0.00;5.00;7.50;0.00;0.00;1.50;0.00;0.00
Dintinosante, Renato;2;10.00;0.00;1.50;11.50;0.00;0.00;0.00;0.50; ; ; ; ;1.50;0.50;0.00; ; ; ; ; ; ; 
Lonergan, Sam;2;5.50;2.00;5.50;11.00;0.00;0.00;0.00;3.00;1.00;2.00;3.50;2.00;0.50;1.00;0.00;8.00;3.50;0.00;0.00;0.00;0.50;0.50
Dennis, Simon;2;7.00;3.00;4.00;11.00;0.00;0.00;0.00;2.00; ; ; ; ;0.50;2.50;0.00; ; ; ; ; ; ; 
Greenslade, Malcolm;2;10.50;6.00;0.50;11.00;3.50;1.50;0.00; ; ; ; ; ;1.50;3.00;0.00; ; ; ; ; ; ; 
Sutcliffe, Scott;2;5.50;2.50;3.00;8.50;0.00;0.00;0.00; ; ; ; ; ;0.50;0.00;0.00; ; ; ; ; ; ; 
Pitura, Mark;2;5.50;1.50;2.50;8.00;0.00;0.50;0.00;1.00; ; ; ; ;0.00;0.00;0.00; ; ; ; ; ; ; 
McBean, Liam;2;4.50;2.50;3.50;8.00;0.00;0.50;0.00;1.00;0.00;0.00;0.50;1.00;0.50;0.50;0.00;3.50;4.50;0.50;0.50;0.50;0.00;0.00
Roach, Stephen;2;3.50;2.00;4.50;8.00;0.00;0.00;0.00; ; ; ; ; ;1.50;1.50;0.00; ; ; ; ; ; ; 
Bain, Frank;2;3.00;0.00;4.50;7.50;0.00;0.00;0.00; ; ; ; ; ;1.50;2.00;0.00; ; ; ; ; ; ; 
MacIlwain, Geoff;2;3.50;0.50;3.50;7.00;0.00;0.00;0.00; ; ; ; ; ;2.00;1.00;0.00; ; ; ; ; ; ; 
Cartledge, Tristan;2;2.50;0.00;4.00;6.50;0.50;0.00;7.00;2.50;0.00;2.50;1.00;2.00;1.00;0.50;0.00;2.50;4.00;0.00;0.00;1.00;0.00;0.50
Derickx, Tom;2;2.50;1.00;4.00;6.50;0.00;0.00;6.50;2.50;0.50;1.50;0.50;2.00;1.00;1.00;0.00;4.50;2.00;0.50;0.00;3.50;0.00;0.00
Roberts, Relton;2;6.00;2.50;0.50;6.50;0.00;1.00;0.00;0.50;0.50;2.00;0.50;1.50;0.00;0.50;0.00;1.00;4.00;0.50;0.00;0.00;0.50;0.00
Keighran, Darren;2;3.00;2.00;3.50;6.50;0.00;0.50;0.00;0.50; ; ; ; ;0.00;0.00;0.00; ; ; ; ; ; ; 
Trotter, Barrie;2;5.00;0.50;1.50;6.50;0.00;0.00;0.00; ; ; ; ; ;1.50;1.00;0.00; ; ; ; ; ; ; 
Steele, Stuart;2;3.00;0.50;3.00;6.00;0.00;0.00;0.00;0.50; ; ; ; ;0.00;1.00;0.00; ; ; ; ; ; ; 
Simpson, David;2;5.00;1.50;0.50;5.50;0.50;2.00;0.50; ; ; ; ; ;0.00;2.00;0.00; ; ; ; ; ; ; 
Burke, Peter;2;4.00;0.00;1.00;5.00;0.00;0.00;0.00;1.50; ; ; ; ;1.00;0.00;0.00; ; ; ; ; ; ; 
Chivers, John;2;5.00;1.00;0.00;5.00;0.00;0.50; ; ; ; ; ; ;1.50;1.50;0.00; ; ; ; ; ; ; 
Elton, Todd;2;2.50;2.00;2.00;4.50;0.00;0.50;0.00;2.50;1.50;0.50;0.00;1.50;0.00;1.00;0.00;1.50;3.00;1.00;0.00;1.50;0.50;0.00
Wilson, Trevor;2;3.50;1.00;0.50;4.00;1.00;0.00;0.00; ; ; ; ; ;0.50;0.50;0.00; ; ; ; ; ; ; 
Kelly, Frank;2;3.50;0.50;0.00;3.50;0.50;0.00;0.00; ; ; ; ; ;0.50;0.00;0.00; ; ; ; ; ; ; 
Baldwin, Jason;2;2.50;0.00;0.50;3.00;0.00;0.00;0.00;0.00; ; ; ; ;0.00;0.00;0.00; ; ; ; ; ; ; 
Shinners, Brian;2;0.50;0.00;0.00;0.50;0.00;0.00;0.00; ; ; ; ; ;0.00;0.50;0.00; ; ; ; ; ; ; 
Nunan, Michael;1;13.00;1.00;8.00;21.00;3.00;0.00;0.00; ; ; ; ; ;4.00;2.00;0.00; ; ; ; ; ; ; 
Humm, Jeremy;1;9.00;3.00;5.00;14.00;0.00;0.00;0.00;1.00;1.00;3.00;2.00;4.00;1.00;1.00;0.00;5.00;10.00;0.00;0.00;1.00;1.00;1.00
Curran, Pat;1;8.00;0.00;3.00;11.00;0.00;0.00;0.00; ; ; ; ; ;1.00;1.00;0.00; ; ; ; ; ; ; 
Cross, Andrew;1;6.00;1.00;4.00;10.00;0.00;0.00;0.00; ; ; ; ; ;1.00;0.00;0.00; ; ; ; ; ; ; 
Moore, Andrew;1;6.00;2.00;3.00;9.00;0.00;0.00;0.00;4.00;0.00;2.00;1.00;3.00;2.00;2.00;0.00;2.00;8.00;0.00;0.00;0.00;0.00;0.00
Ross, Bradley;1;5.00;0.00;4.00;9.00;0.00;0.00;0.00; ; ; ; ; ;2.00;1.00;0.00; ; ; ; ; ; ; 
Smith, Jason;1;2.00;0.00;4.00;6.00;0.00;0.00;0.00;0.00; ; ; ; ;0.00;1.00;0.00; ; ; ; ; ; ; 
Pastore, Anthony;1;3.00;1.00;3.00;6.00;0.00;0.00;0.00;2.00; ; ; ; ;2.00;0.00;0.00; ; ; ; ; ; ; 
Jewell, Nick;1;4.00;1.00;1.00;5.00;0.00;0.00;0.00;0.00; ; ; ; ;0.00;1.00;0.00; ; ; ; ; ; ; 
Robertson, John;1;1.00;0.00;4.00;5.00;0.00;0.00; ; ; ; ; ; ;0.00;0.00;0.00; ; ; ; ; ; ; 
Drummond, Nathan;1;4.00;1.00;1.00;5.00;0.00;0.00;0.00;2.00;0.00;1.00;0.00;1.00;0.00;0.00;0.00;1.00;3.00;0.00;0.00;0.00;1.00;0.00
Tully, Russell;1;3.00;3.00;1.00;4.00;0.00;0.00;0.00; ; ; ; ; ;1.00;1.00;0.00; ; ; ; ; ; ; 
Donati, Daniel;1;1.00;0.00;2.00;3.00;0.00;0.00;0.00;1.00; ; ; ; ;0.00;0.00;0.00; ; ; ; ; ; ; 
Henry, David;1;2.00;0.00;1.00;3.00;0.00;0.00;0.00; ; ; ; ; ;0.00;0.00;0.00; ; ; ; ; ; ; 
Hunt, Tony;1;3.00;1.00;0.00;3.00;0.00;3.00;0.00; ; ; ; ; ;0.00;1.00;0.00; ; ; ; ; ; ; 
Oppy, Grant;1;2.00;1.00;0.00;2.00;0.00;1.00;0.00; ; ; ; ; ;0.00;1.00;0.00; ; ; ; ; ; ; 
Dunne, Jeff;1;0.00;0.00;0.00; ;0.00;0.00;0.00; ; ; ; ; ;0.00;1.00;0.00; ; ; ; ; ; ; 
Gehling, Bill;1;0.00;0.00;0.00; ;0.00;0.00;0.00; ; ; ; ; ;0.00;1.00;0.00; ; ; ; ; ; ; 
Jacks, David;1;0.00;0.00;0.00; ;0.00;0.00;0.00; ; ; ; ; ;0.00;2.00;0.00; ; ; ; ; ; ; 
